Time (Sec),Power(W),Growth Rate (gm/sec),No. of net impurity atoms added,Number of net impurity of previous crystal added,Output net impurity,Detector grade portion (%),SheetName
0.0,8720.0,0.0,35338345864662.0,342968609022556.0,474341395671.947,38.0,Crystal 1
900.0,8700.0,0.0911111111111111,35338345864662.0,342968609022556.0,474376733171.114,38.0,Crystal 1
1350.0,8700.0,0.0540740740740741,35338345864662.0,342968609022556.0,473088507038.818,38.0,Crystal 1
2880.0,8680.0,0.0152777777777778,35338345864662.0,342968609022556.0,472313621844.032,38.0,Crystal 1
3600.0,8660.0,0.0119444444444444,35338345864662.0,342968609022556.0,471557493772.155,38.0,Crystal 1
4320.0,8640.0,0.018287037037037,35338345864662.0,342968609022556.0,470171275664.936,38.0,Crystal 1
5040.0,8620.0,0.0279761904761905,35338345864662.0,342968609022556.0,467706598962.508,38.0,Crystal 1
5760.0,8600.0,0.0319444444444444,35338345864662.0,342968609022556.0,464508439654.00300,38.0,Crystal 1
6480.0,8580.0,0.0472222222222222,35338345864662.0,342968609022556.0,459234977096.626,38.0,Crystal 1
7200.0,8560.0,0.0765277777777778,35338345864662.0,342968609022556.0,449880102990.085,38.0,Crystal 1
8928.0,8560.0,0.329189068100358,35338345864662.0,342968609022556.0,402917891567.958,38.0,Crystal 1
10080.0,8560.0,0.416666666666667,35338345864662.0,342968609022556.0,343706166482.501,38.0,Crystal 1
10800.0,8560.0,0.407407407407407,35338345864662.0,342968609022556.0,290463757073.587,38.0,Crystal 1
12960.0,8660.0,2.34567901234568,35338345864662.0,342968609022556.0,86055728616.3952,38.0,Crystal 1
13464.0,8700.0,0.935828877005348,35338345864662.0,342968609022556.0,50447624802.5353,38.0,Crystal 1
15120.0,8700.0,3.12169312169312,35338345864662.0,342968609022556.0,-50316716822.1794,38.0,Crystal 1
15984.0,8700.0,1.55155155155155,35338345864662.0,342968609022556.0,-58659136419.833,38.0,Crystal 1
16560.0,8700.0,0.89975845410628,35338345864662.0,342968609022556.0,-64750416445.3852,38.0,Crystal 1
18000.0,8700.0,2.0,35338345864662.0,342968609022556.0,-145650309480.594,38.0,Crystal 1
18720.0,8700.0,0.822649572649573,35338345864662.0,342968609022556.0,-243129931967.45,38.0,Crystal 1
19440.0,8700.0,0.601851851851852,35338345864662.0,342968609022556.0,-367953435927.54700,38.0,Crystal 1
20160.0,8700.0,0.694444444444444,35338345864662.0,342968609022556.0,-624030406450.012,38.0,Crystal 1
21600.0,8700.0,0.925925925925926,35338345864662.0,342968609022556.0,-663658661762.694,38.0,Crystal 1
23040.0,8700.0,0.737847222222222,35338345864662.0,342968609022556.0,-724308337092.087,38.0,Crystal 1
24048.0,8700.0,0.461576846307385,35338345864662.0,342968609022556.0,-771031255447.431,38.0,Crystal 1
26582.4,9404.0,1.24142289635247,35338345864662.0,342968609022556.0,-960470944722.653,38.0,Crystal 1
29232.0,9500.0,2.03544061302682,35338345864662.0,342968609022556.0,-1851074951815.82,38.0,Crystal 1
0.0,8780.0,0.0,761278195488722.0,0.0,822618543394.834,9.0,Crystal 2
252.0,8720.0,0.130952380952381,761278195488722.0,0.0,823204637900.853,9.0,Crystal 2
450.0,8700.0,0.126666666666667,761278195488722.0,0.0,824217853888.044,9.0,Crystal 2
900.0,8680.0,0.0788888888888888,761278195488722.0,0.0,825481474210.089,9.0,Crystal 2
1350.0,8660.0,0.0577777777777778,761278195488722.0,0.0,826871653929.177,9.0,Crystal 2
2880.0,8640.0,0.0295138888888889,761278195488722.0,0.0,828388953411.424,9.0,Crystal 2
3600.0,8620.0,0.0233333333333333,761278195488722.0,0.0,829890823754.472,9.0,Crystal 2
4320.0,8600.0,0.0469907407407407,761278195488722.0,0.0,830302470382.934,9.0,Crystal 2
5760.0,8600.0,0.102777777777778,761278195488722.0,0.0,819764407911.806,9.0,Crystal 2
6480.0,8600.0,0.0938271604938272,761278195488722.0,0.0,809064972963.91,9.0,Crystal 2
7200.0,8600.0,0.140277777777778,761278195488722.0,0.0,791564354237.109,9.0,Crystal 2
8640.0,8600.0,0.434027777777778,761278195488722.0,0.0,729482436968.322,9.0,Crystal 2
10080.0,8600.0,0.927579365079365,761278195488722.0,0.0,593061893952.423,9.0,Crystal 2
10800.0,8600.0,0.574074074074074,761278195488722.0,0.0,515560350066.77300,9.0,Crystal 2
11664.0,8700.0,1.02880658436214,761278195488722.0,0.0,390585740593.818,9.0,Crystal 2
12240.0,8700.0,0.923202614379085,761278195488722.0,0.0,298243132317.831,9.0,Crystal 2
12960.0,8700.0,1.03395061728395,761278195488722.0,0.0,236472886004.94,9.0,Crystal 2
13680.0,8700.0,1.08918128654971,761278195488722.0,0.0,201795613321.785,9.0,Crystal 2
14400.0,8740.0,1.18055555555556,761278195488722.0,0.0,166898846772.528,9.0,Crystal 2
15120.0,8740.0,1.09126984126984,761278195488722.0,0.0,137418824104.61,9.0,Crystal 2
15840.0,8740.0,0.921717171717172,761278195488722.0,0.0,114648977427.345,9.0,Crystal 2
16560.0,8740.0,0.766908212560386,761278195488722.0,0.0,97177813535.7709,9.0,Crystal 2
17280.0,8720.0,0.775462962962963,761278195488722.0,0.0,80921240764.2069,9.0,Crystal 2
18000.0,8720.0,0.55,761278195488722.0,0.0,70245881557.5218,9.0,Crystal 2
20160.0,8720.0,1.49801587301587,761278195488722.0,0.0,-226912660562.973,9.0,Crystal 2
20880.0,8720.0,0.407088122605364,761278195488722.0,0.0,-305136481103.045,9.0,Crystal 2
21600.0,8720.0,0.393518518518519,761278195488722.0,0.0,-415404520770.469,9.0,Crystal 2
22320.0,8720.0,0.291218637992832,761278195488722.0,0.0,-530657352522.472,9.0,Crystal 2
23040.0,8720.0,0.368923611111111,761278195488722.0,0.0,-740262515548.749,9.0,Crystal 2
23760.0,8720.0,0.336700336700337,761278195488722.0,0.0,-624058060952.541,9.0,Crystal 2
24480.0,8720.0,0.347222222222222,761278195488722.0,0.0,-648885039481.882,9.0,Crystal 2
25200.0,8720.0,0.396825396825397,761278195488722.0,0.0,-681125245789.883,9.0,Crystal 2
25920.0,8720.0,0.462962962962963,761278195488722.0,0.0,-724970625902.905,9.0,Crystal 2
26640.0,8720.0,0.45045045045045,761278195488722.0,0.0,-775751002533.357,9.0,Crystal 2
27504.0,8954.0,0.716259453170448,761278195488722.0,0.0,-879393785387.142,9.0,Crystal 2
29520.0,9498.0,3.56029810298103,761278195488722.0,0.0,-10228830520469.9,9.0,Crystal 2
0.0,8600.0,0.0,0.0,-439398496240602.0,158377323987.71,14.58,Crystal 3
270.0,8600.0,0.0740740740740741,0.0,-439398496240602.0,158261767052.927,14.58,Crystal 3
630.0,8600.0,0.0761904761904761,0.0,-439398496240602.0,157984750004.889,14.58,Crystal 3
990.0,8600.0,0.0656565656565657,0.0,-439398496240602.0,157610340941.667,14.58,Crystal 3
1485.0,8600.0,0.0666666666666666,0.0,-439398496240602.0,157041671171.509,14.58,Crystal 3
2880.0,8580.0,0.0215277777777778,0.0,-439398496240602.0,156686506125.159,14.58,Crystal 3
3600.0,8560.0,0.0511111111111111,0.0,-439398496240602.0,155636857747.153,14.58,Crystal 3
4320.0,8540.0,0.0655092592592593,0.0,-439398496240602.0,154035199574.303,14.58,Crystal 3
5040.0,8520.0,0.0783730158730159,0.0,-439398496240602.0,151825267597.008,14.58,Crystal 3
5760.0,8500.0,0.124305555555556,0.0,-439398496240602.0,147894349171.18,14.58,Crystal 3
6480.0,8480.0,0.154320987654321,0.0,-439398496240602.0,142562350605.883,14.58,Crystal 3
7200.0,8460.0,0.214722222222222,0.0,-439398496240602.0,134669550431.182,14.58,Crystal 3
7920.0,8460.0,0.251767676767677,0.0,-439398496240602.0,125088763886.933,14.58,Crystal 3
6480.0,8460.0,-0.603395061728395,0.0,-439398496240602.0,144514014701.219,14.58,Crystal 3
7200.0,8460.0,0.0513888888888889,0.0,-439398496240602.0,142562350605.883,14.58,Crystal 3
7920.0,8460.0,0.107323232323232,0.0,-439398496240602.0,138171187209.225,14.58,Crystal 3
8640.0,8460.0,0.126157407407407,0.0,-439398496240602.0,132724039150.374,14.58,Crystal 3
9360.0,8460.0,0.18482905982906,0.0,-439398496240602.0,124486681523.82,14.58,Crystal 3
10080.0,8460.0,0.319444444444445,0.0,-439398496240602.0,110405743729.065,14.58,Crystal 3
10800.0,8460.0,0.537037037037037,0.0,-439398496240602.0,88707321125.7391,14.58,Crystal 3
11520.0,8560.0,0.868055555555556,0.0,-439398496240602.0,60335910011.4705,14.58,Crystal 3
12240.0,8560.0,1.18464052287582,0.0,-439398496240602.0,33842845687.8752,14.58,Crystal 3
12960.0,8600.0,1.28858024691358,0.0,-439398496240602.0,-30204535880.8321,14.58,Crystal 3
13680.0,8600.0,1.41812865497076,0.0,-439398496240602.0,-37322001553.0294,14.58,Crystal 3
14400.0,8600.0,1.39583333333333,0.0,-439398496240602.0,-47143524938.1944,14.58,Crystal 3
15120.0,8600.0,1.26322751322751,0.0,-439398496240602.0,-59778078741.80970,14.58,Crystal 3
15840.0,8600.0,1.19949494949495,0.0,-439398496240602.0,-77013939763.6796,14.58,Crystal 3
16560.0,8600.0,1.08695652173913,0.0,-439398496240602.0,-99702867055.3502,14.58,Crystal 3
18000.0,8600.0,1.7,0.0,-439398496240602.0,-206945087388.686,14.58,Crystal 3
18720.0,8600.0,0.721153846153846,0.0,-439398496240602.0,-294173697014.705,14.58,Crystal 3
20880.0,8600.0,1.63793103448276,0.0,-439398496240602.0,-431577742010.618,14.58,Crystal 3
21600.0,8600.0,0.467592592592593,0.0,-439398496240602.0,-461813425281.677,14.58,Crystal 3
23040.0,8600.0,0.868055555555556,0.0,-439398496240602.0,-536046126954.516,14.58,Crystal 3
23760.0,8600.0,0.462962962962963,0.0,-439398496240602.0,-587916912680.873,14.58,Crystal 3
24624.0,8840.0,0.592917478882391,0.0,-439398496240602.0,-674363497789.087,14.58,Crystal 3
25344.0,9080.0,0.568181818181818,0.0,-439398496240602.0,-788425310286.29,14.58,Crystal 3
26784.0,9320.0,1.68010752688172,0.0,-439398496240602.0,-1659768858745.9,14.58,Crystal 3
0.0,8600.0,0.0,104135338345865.0,174129699248120.0,563293365623.65,11.27,Crystal 4
360.0,8600.0,0.491666666666667,104135338345865.0,174129699248120.0,561805859933.538,11.27,Crystal 4
720.0,8600.0,0.175,104135338345865.0,174129699248120.0,560748907394.107,11.27,Crystal 4
1080.0,8600.0,0.176851851851852,104135338345865.0,174129699248120.0,559149789022.818,11.27,Crystal 4
1440.0,8600.0,0.197222222222222,104135338345865.0,174129699248120.0,556778908333.277,11.27,Crystal 4
2880.0,8580.0,0.084375,104135338345865.0,174129699248120.0,554756805940.518,11.27,Crystal 4
3600.0,8560.0,0.1675,104135338345865.0,174129699248120.0,549764810796.238,11.27,Crystal 4
4320.0,8540.0,0.172916666666667,104135338345865.0,174129699248120.0,543631473423.883,11.27,Crystal 4
5040.0,8520.0,0.224007936507937,104135338345865.0,174129699248120.0,534467491509.269,11.27,Crystal 4
5760.0,8500.0,0.313020833333333,104135338345865.0,174129699248120.0,520093777688.59,11.27,Crystal 4
6480.0,8480.0,0.462808641975309,104135338345865.0,174129699248120.0,496883370517.6,11.27,Crystal 4
7200.0,8460.0,0.640972222222222,104135338345865.0,174129699248120.0,462818752859.67,11.27,Crystal 4
7920.0,8600.0,1.17424242424242,104135338345865.0,174129699248120.0,399936517867.681,11.27,Crystal 4
8640.0,8600.0,1.23842592592593,104135338345865.0,174129699248120.0,336378881434.963,11.27,Crystal 4
9360.0,8600.0,1.5491452991453,104135338345865.0,174129699248120.0,263605397398.635,11.27,Crystal 4
10080.0,8600.0,1.63690476190476,104135338345865.0,174129699248120.0,251552959428.616,11.27,Crystal 4
10800.0,8600.0,1.71296296296296,104135338345865.0,174129699248120.0,191510207299.305,11.27,Crystal 4
11520.0,8600.0,1.51909722222222,104135338345865.0,174129699248120.0,145432100364.994,11.27,Crystal 4
12240.0,8600.0,1.59313725490196,104135338345865.0,174129699248120.0,104619217304.698,11.27,Crystal 4
12960.0,8600.0,1.50462962962963,104135338345865.0,174129699248120.0,73194074908.6882,11.27,Crystal 4
13680.0,8600.0,1.42543859649123,104135338345865.0,174129699248120.0,49547421707.7176,11.27,Crystal 4
14400.0,8600.0,1.28472222222222,104135338345865.0,174129699248120.0,-317794901874.481,11.27,Crystal 4
15120.0,8600.0,1.21031746031746,104135338345865.0,174129699248120.0,-694285883431.877,11.27,Crystal 4
16560.0,8600.0,2.18599033816425,104135338345865.0,174129699248120.0,-1587504646627.34,11.27,Crystal 4
17280.0,8600.0,1.05902777777778,104135338345865.0,174129699248120.0,-1813913713258.85,11.27,Crystal 4
17438.4,8840.0,0.240847784200385,104135338345865.0,174129699248120.0,-1876108131715.65,11.27,Crystal 4
18432.0,9116.0,1.71440972222222,104135338345865.0,174129699248120.0,-2550074581837.82,11.27,Crystal 4
19152.0,9316.0,1.90058479532164,104135338345865.0,174129699248120.0,-4559937316273.45,11.27,Crystal 4
19440.0,9396.0,1.4917695473251,104135338345865.0,174129699248120.0,-25481312816759.2,11.27,Crystal 4
0.0,8620.0,0.0,0.0,1380390000000000.0,611756937906.912,21.83,Crystal 5
270.0,8620.0,0.411111111111111,0.0,1380390000000000.0,610702798649.281,21.83,Crystal 5
540.0,8620.0,0.153703703703704,0.0,1380390000000000.0,609915535093.054,21.83,Crystal 5
810.0,8620.0,0.0753086419753087,0.0,1380390000000000.0,609337470723.369,21.83,Crystal 5
1170.0,8620.0,0.088034188034188,0.0,1380390000000000.0,608362407292.626,21.83,Crystal 5
1530.0,8620.0,0.069281045751634,0.0,1380390000000000.0,607360270655.022,21.83,Crystal 5
2880.0,8600.0,0.0381944444444444,0.0,1380390000000000.0,606321738937.588,21.83,Crystal 5
3600.0,8580.0,0.0561111111111111,0.0,1380390000000000.0,604418382216.903,21.83,Crystal 5
4320.0,8560.0,0.0689814814814815,0.0,1380390000000000.0,601619343756.792,21.83,Crystal 5
5040.0,8540.0,0.100992063492064,0.0,1380390000000000.0,596862846243.71,21.83,Crystal 5
5760.0,8520.0,0.116666666666667,0.0,1380390000000000.0,590630084169.649,21.83,Crystal 5
6480.0,8500.0,0.149691358024691,0.0,1380390000000000.0,581726924333.862,21.83,Crystal 5
7200.0,8480.0,0.226527777777778,0.0,1380390000000000.0,567003236301.654,21.83,Crystal 5
7920.0,8460.0,0.352272727272727,0.0,1380390000000000.0,542520820660.382,21.83,Crystal 5
8640.0,8460.0,0.620833333333333,0.0,1380390000000000.0,497868260194.266,21.83,Crystal 5
9360.0,8600.0,0.94284188034188,0.0,1380390000000000.0,430941191832.052,21.83,Crystal 5
10080.0,8620.0,1.46835317460317,0.0,1380390000000000.0,335223863582.053,21.83,Crystal 5
10800.0,8640.0,1.56777777777778,0.0,1380390000000000.0,349389301224.633,21.83,Crystal 5
11520.0,8640.0,1.90885416666667,0.0,1380390000000000.0,338645168464.58,21.83,Crystal 5
12240.0,8640.0,1.87949346405229,0.0,1380390000000000.0,326828823524.155,21.83,Crystal 5
12960.0,8640.0,1.63233024691358,0.0,1380390000000000.0,315366580424.015,21.83,Crystal 5
13680.0,8640.0,1.46235380116959,0.0,1380390000000000.0,303920503870.512,21.83,Crystal 5
14400.0,8640.0,1.60416666666667,0.0,1380390000000000.0,79927484385.8635,21.83,Crystal 5
15120.0,8640.0,1.36904761904762,0.0,1380390000000000.0,29989296851.0355,21.83,Crystal 5
15840.0,8640.0,1.09217171717172,0.0,1380390000000000.0,11949910645.6119,21.83,Crystal 5
16560.0,8640.0,1.08091787439614,0.0,1380390000000000.0,-63087320604.5717,21.83,Crystal 5
16992.0,8640.0,0.617937853107345,0.0,1380390000000000.0,-74779708143.5191,21.83,Crystal 5
17856.0,8880.0,1.103270609319,0.0,1380390000000000.0,-107691067864.037,21.83,Crystal 5
18864.0,9160.0,1.21925360474979,0.0,1380390000000000.0,-183574352768.832,21.83,Crystal 5
19584.0,9360.0,0.786356209150327,0.0,1380390000000000.0,-290562414018.017,21.83,Crystal 5
20448.0,9360.0,0.743348982785603,0.0,1380390000000000.0,-524092179565.603,21.83,Crystal 5
21168.0,9360.0,0.434618291761149,0.0,1380390000000000.0,-835902727777.919,21.83,Crystal 5
22032.0,9360.0,0.394880174291939,0.0,1380390000000000.0,-1483176668883.89,21.83,Crystal 5
23472.0,9360.0,0.673142467620995,0.0,1380390000000000.0,-21899500494137.2,21.83,Crystal 5
0.0,8580.0,0.0,-1358460000000000.0,865319548872180.0,385397213180.35,10.6,Crystal 6
450.0,8570.0,0.184444444444444,-1358460000000000.0,865319548872180.0,384738572872.214,10.6,Crystal 6
900.0,8560.0,0.0866666666666667,-1358460000000000.0,865319548872180.0,384120503130.283,10.6,Crystal 6
1125.0,8540.0,0.04,-1358460000000000.0,865319548872180.0,383764317807.777,10.6,Crystal 6
1350.0,8530.0,0.0318518518518519,-1358460000000000.0,865319548872180.0,383424231647.19700,10.6,Crystal 6
2520.0,8520.0,0.0226190476190476,-1358460000000000.0,865319548872180.0,382973824220.0,10.6,Crystal 6
2880.0,8500.0,0.028125,-1358460000000000.0,865319548872180.0,382334563996.686,10.6,Crystal 6
3600.0,8480.0,0.0647222222222222,-1358460000000000.0,865319548872180.0,380500881183.318,10.6,Crystal 6
4320.0,8480.0,0.0837962962962963,-1358460000000000.0,865319548872180.0,377667171692.005,10.6,Crystal 6
5040.0,8470.0,0.114880952380952,-1358460000000000.0,865319548872180.0,373172992124.927,10.6,Crystal 6
5760.0,8460.0,0.15625,-1358460000000000.0,865319548872180.0,366279649992.276,10.6,Crystal 6
6480.0,8460.0,0.320679012345679,-1358460000000000.0,865319548872180.0,350785646294.31,10.6,Crystal 6
7200.0,8460.0,0.212083333333333,-1358460000000000.0,865319548872180.0,339766782185.919,10.6,Crystal 6
5918.4,8480.0,-0.60911732900784,-1358460000000000.0,865319548872180.0,366279649992.276,10.6,Crystal 6
6638.4,8480.0,0.0588997348758737,-1358460000000000.0,865319548872180.0,363319592938.616,10.6,Crystal 6
7358.4,8480.0,0.0990704500978473,-1358460000000000.0,865319548872180.0,357856290225.926,10.6,Crystal 6
8078.4,8480.0,0.220340661517132,-1358460000000000.0,865319548872180.0,344816041192.448,10.6,Crystal 6
8640.0,8480.0,0.188657407407407,-1358460000000000.0,865319548872180.0,333239581679.221,10.6,Crystal 6
9360.0,8480.0,0.305555555555555,-1358460000000000.0,865319548872180.0,313743621071.467,10.6,Crystal 6
10512.0,8480.0,0.736301369863014,-1358460000000000.0,865319548872180.0,265875406673.569,10.6,Crystal 6
11088.0,8600.0,0.482503607503608,-1358460000000000.0,865319548872180.0,236628214935.65,10.6,Crystal 6
11376.0,8600.0,0.492264416315049,-1358460000000000.0,865319548872180.0,209054536243.506,10.6,Crystal 6
12096.0,8580.0,1.06646825396825,-1358460000000000.0,865319548872180.0,155929510974.913,10.6,Crystal 6
12960.0,8580.0,1.26543209876543,-1358460000000000.0,865319548872180.0,154918738400.804,10.6,Crystal 6
13680.0,8580.0,1.21345029239766,-1358460000000000.0,865319548872180.0,137645917439.141,10.6,Crystal 6
14400.0,8580.0,1.24305555555556,-1358460000000000.0,865319548872180.0,120260909578.21,10.6,Crystal 6
15998.4,8580.0,2.61901190119012,-1358460000000000.0,865319548872180.0,-21489854401.6684,10.6,Crystal 6
17424.0,8580.0,2.07759412304867,-1358460000000000.0,865319548872180.0,-164520658743.076,10.6,Crystal 6
18864.0,8580.0,1.82888040712468,-1358460000000000.0,865319548872180.0,-1652719024070.5,10.6,Crystal 6
20160.0,8580.0,1.52777777777778,-1358460000000000.0,865319548872180.0,-5455756780650.71,10.6,Crystal 6
21456.0,8580.0,1.45413870246085,-1358460000000000.0,865319548872180.0,-6351500094561.65,10.6,Crystal 6
21600.0,8620.0,0.143518518518519,-1358460000000000.0,865319548872180.0,-6463251203636.64,10.6,Crystal 6
22320.0,8820.0,0.851254480286738,-1358460000000000.0,865319548872180.0,-7284684957586.04,10.6,Crystal 6
23040.0,9020.0,0.911458333333333,-1358460000000000.0,865319548872180.0,-8615174375466.58,10.6,Crystal 6
24019.2,9292.0,1.53627098321343,-1358460000000000.0,865319548872180.0,-14231910382615.1,10.6,Crystal 6
24235.2,9352.0,0.742721330956625,-1358460000000000.0,865319548872180.0,-26197060453539.1,10.6,Crystal 6
24681.6,9352.0,0.20258005963957,-1358460000000000.0,865319548872180.0,-39247378997480.1,10.6,Crystal 6
25056.0,9352.0,0.207535121328225,-1358460000000000.0,865319548872180.0,-52519753413868.3,10.6,Crystal 6
0.0,8760.0,0.0,141503759398496.0,-79699248120301.0,462357000000.0,1.25,Crystal 7
450.0,8760.0,0.0511111111111111,141503759398496.0,-79699248120301.0,462375000000.0,1.25,Crystal 7
900.0,8760.0,0.0133333333333333,141503759398496.0,-79699248120301.0,462385000000.0,1.25,Crystal 7
2160.0,8740.0,0.012037037037037,141503759398496.0,-79699248120301.0,462393000000.0,1.25,Crystal 7
2880.0,8720.0,0.0159722222222222,141503759398496.0,-79699248120301.0,462356000000.0,1.25,Crystal 7
3600.0,8700.0,0.0180555555555556,141503759398496.0,-79699248120301.0,462302000000.0,1.25,Crystal 7
4320.0,8680.0,0.0541666666666667,141503759398496.0,-79699248120301.0,462111000000.0,1.25,Crystal 7
5040.0,8660.0,0.128571428571429,141503759398496.0,-79699248120301.0,461579000000.0,1.25,Crystal 7
5760.0,8640.0,0.212673611111111,141503759398496.0,-79699248120301.0,460573000000.0,1.25,Crystal 7
6480.0,8620.0,0.322839506172839,141503759398496.0,-79699248120301.0,458854000000.0,1.25,Crystal 7
7200.0,8600.0,0.489166666666667,141503759398496.0,-79699248120301.0,455953000000.0,1.25,Crystal 7
7920.0,8580.0,0.73989898989899,141503759398496.0,-79699248120301.0,451109000000.0,1.25,Crystal 7
8640.0,8580.0,1.08796296296296,141503759398496.0,-79699248120301.0,443291000000.0,1.25,Crystal 7
8928.0,8700.0,0.436827956989247,141503759398496.0,-79699248120301.0,440030000000.0,1.25,Crystal 7
9648.0,8700.0,1.67910447761194,141503759398496.0,-79699248120301.0,426371000000.0,1.25,Crystal 7
9936.0,8730.0,0.684380032206119,141503759398496.0,-79699248120301.0,405108000000.0,1.25,Crystal 7
10800.0,8730.0,2.06481481481482,141503759398496.0,-79699248120301.0,353692000000.0,1.25,Crystal 7
14400.0,8730.0,6.70138888888889,141503759398496.0,-79699248120301.0,-252555000000.0,1.25,Crystal 7
15840.0,8730.0,1.96969696969697,141503759398496.0,-79699248120301.0,-378310000000.0,1.25,Crystal 7
16804.8,8730.0,1.02351709035514,141503759398496.0,-79699248120301.0,-486458000000.0,1.25,Crystal 7
17913.6,8730.0,1.04948195784209,141503759398496.0,-79699248120301.0,-489000000000.0,1.25,Crystal 7
19756.8,8730.0,1.44760285066408,141503759398496.0,-79699248120301.0,-583000000000.0,1.25,Crystal 7
20160.0,8730.0,0.302579365079365,141503759398496.0,-79699248120301.0,-608000000000.0,1.25,Crystal 7
20880.0,8730.0,0.541187739463602,141503759398496.0,-79699248120301.0,-661000000000.0,1.25,Crystal 7
21355.2,8730.0,0.374616018580955,141503759398496.0,-79699248120301.0,-706000000000.0,1.25,Crystal 7
21600.0,8798.0,0.231481481481481,141503759398496.0,-79699248120301.0,-737000000000.0,1.25,Crystal 7
0.0,8780.0,0.0,45394736842105.0,1372180000000000.0,829215130248.681,2.42,Crystal 8
450.0,8780.0,0.26888889,45394736842105.0,1372180000000000.0,828424725410.739,2.42,Crystal 8
900.0,8780.0,0.06888889,45394736842105.0,1372180000000000.0,827770294708.568,2.42,Crystal 8
1350.0,8760.0,0.05777778,45394736842105.0,1372180000000000.0,826947571559.431,2.42,Crystal 8
2880.0,8740.0,0.03611111,45394736842105.0,1372180000000000.0,825851634391.411,2.42,Crystal 8
3600.0,8720.0,0.04055556,45394736842105.0,1372180000000000.0,824315086002.127,2.42,Crystal 8
4320.0,8700.0,0.03773148,45394736842105.0,1372180000000000.0,822602352064.725,2.42,Crystal 8
5040.0,8680.0,0.06230159,45394736842105.0,1372180000000000.0,819311073046.291,2.42,Crystal 8
5760.0,8660.0,0.07986111,45394736842105.0,1372180000000000.0,814508656914.111,2.42,Crystal 8
6480.0,8640.0,0.09814815,45394736842105.0,1372180000000000.0,807906251382.354,2.42,Crystal 8
7200.0,8620.0,0.15819444,45394736842105.0,1372180000000000.0,796190136053.331,2.42,Crystal 8
7920.0,8600.0,0.16414141,45394736842105.0,1372180000000000.0,782985944792.979,2.42,Crystal 8
8640.0,8600.0,0.30555556,45394736842105.0,1372180000000000.0,756715150263.236,2.42,Crystal 8
9086.4,8600.0,0.18269061,45394736842105.0,1372180000000000.0,740564124669.562,2.42,Crystal 8
10080.0,8580.0,0.31746032,45394736842105.0,1372180000000000.0,710214975401.681,2.42,Crystal 8
10800.0,8560.0,0.46296296,45394736842105.0,1372180000000000.0,664810913498.437,2.42,Crystal 8
11520.0,8560.0,0.67708333,45394736842105.0,1372180000000000.0,598682867315.226,2.42,Crystal 8
12096.0,8660.0,0.67791005,45394736842105.0,1372180000000000.0,534996033032.58,2.42,Crystal 8
12960.0,8700.0,1.53549383,45394736842105.0,1372180000000000.0,493000000000.0,2.42,Crystal 8
13680.0,8700.0,1.53508772,45394736842105.0,1372180000000000.0,493000000000.0,2.42,Crystal 8
15120.0,8700.0,2.75132275,45394736842105.0,1372180000000000.0,493000000000.0,2.42,Crystal 8
16560.0,8700.0,2.57850242,45394736842105.0,1372180000000000.0,493000000000.0,2.42,Crystal 8
17280.0,8700.0,1.15162037,45394736842105.0,1372180000000000.0,-953973920376.547,2.42,Crystal 8
18720.0,8700.0,1.90705128,45394736842105.0,1372180000000000.0,-2828931921674.65,2.42,Crystal 8
19584.0,8700.0,0.95486111,45394736842105.0,1372180000000000.0,-3136469686295.84,2.42,Crystal 8
20736.0,8700.0,1.07542438,45394736842105.0,1372180000000000.0,-3488774750035.46,2.42,Crystal 8
26064.0,10180.0,4.07842234,45394736842105.0,1372180000000000.0,-8855287537663.92,2.42,Crystal 8
27504.0,10580.0,0.98894706,45394736842105.0,1372180000000000.0,-17709063687440.8,2.42,Crystal 8
28080.0,10740.0,0.67663818,45394736842105.0,1372180000000000.0,-56106566391185.4,2.42,Crystal 8
0.0,8760.0,0.0,79736842105263.0,-286752631578947.0,0.0,1.47,Crystal 9
450.0,8760.0,0.03777778,79736842105263.0,-286752631578947.0,0.0,1.47,Crystal 9
810.0,8760.0,0.05679012,79736842105263.0,-286752631578947.0,0.0,1.47,Crystal 9
1350.0,8760.0,0.03037037,79736842105263.0,-286752631578947.0,0.0,1.47,Crystal 9
2880.0,8740.0,0.01354167,79736842105263.0,-286752631578947.0,0.0,1.47,Crystal 9
3600.0,8720.0,0.01583333,79736842105263.0,-286752631578947.0,0.0,1.47,Crystal 9
4320.0,8700.0,0.01736111,79736842105263.0,-286752631578947.0,0.0,1.47,Crystal 9
5040.0,8680.0,0.025,79736842105263.0,-286752631578947.0,0.0,1.47,Crystal 9
5760.0,8660.0,0.03454861,79736842105263.0,-286752631578947.0,0.0,1.47,Crystal 9
6480.0,8640.0,0.06111111,79736842105263.0,-286752631578947.0,0.0,1.47,Crystal 9
7200.0,8620.0,0.07944444,79736842105263.0,-286752631578947.0,0.0,1.47,Crystal 9
7920.0,8600.0,0.12234848,79736842105263.0,-286752631578947.0,0.0,1.47,Crystal 9
8640.0,8600.0,0.18958333,79736842105263.0,-286752631578947.0,0.0,1.47,Crystal 9
9360.0,8600.0,0.30320513,79736842105263.0,-286752631578947.0,0.0,1.47,Crystal 9
10080.0,8580.0,0.35367063,79736842105263.0,-286752631578947.0,0.0,1.47,Crystal 9
10800.0,8560.0,0.52888889,79736842105263.0,-286752631578947.0,0.0,1.47,Crystal 9
11520.0,8560.0,0.83333333,79736842105263.0,-286752631578947.0,0.0,1.47,Crystal 9
12240.0,8660.0,0.73529412,79736842105263.0,-286752631578947.0,0.0,1.47,Crystal 9
12960.0,8700.0,0.95679012,79736842105263.0,-286752631578947.0,0.0,1.47,Crystal 9
13680.0,8700.0,1.03070175,79736842105263.0,-286752631578947.0,0.0,1.47,Crystal 9
14400.0,8700.0,1.02083333,79736842105263.0,-286752631578947.0,0.0,1.47,Crystal 9
15120.0,8700.0,1.12433862,79736842105263.0,-286752631578947.0,0.0,1.47,Crystal 9
15840.0,8700.0,0.90277778,79736842105263.0,-286752631578947.0,0.0,1.47,Crystal 9
16560.0,8700.0,0.98429952,79736842105263.0,-286752631578947.0,0.0,1.47,Crystal 9
17496.0,8700.0,1.22885231,79736842105263.0,-286752631578947.0,0.0,1.47,Crystal 9
18000.0,8700.0,0.68333333,79736842105263.0,-286752631578947.0,0.0,1.47,Crystal 9
18720.0,8700.0,0.75320513,79736842105263.0,-286752631578947.0,0.0,1.47,Crystal 9
19440.0,8700.0,0.8281893,79736842105263.0,-286752631578947.0,0.0,1.47,Crystal 9
20160.0,8700.0,0.70436508,79736842105263.0,-286752631578947.0,0.0,1.47,Crystal 9
20880.0,8700.0,0.63218391,79736842105263.0,-286752631578947.0,0.0,1.47,Crystal 9
21600.0,8700.0,0.61111111,79736842105263.0,-286752631578947.0,0.0,1.47,Crystal 9
22320.0,8700.0,0.56003584,79736842105263.0,-286752631578947.0,0.0,1.47,Crystal 9
23760.0,8700.0,1.08164983,79736842105263.0,-286752631578947.0,0.0,1.47,Crystal 9
24480.0,8700.0,0.55147059,79736842105263.0,-286752631578947.0,0.0,1.47,Crystal 9
24854.4,8700.0,0.3218746,79736842105263.0,-286752631578947.0,0.0,1.47,Crystal 9
26640.0,9196.0,1.75675676,79736842105263.0,-286752631578947.0,0.0,1.47,Crystal 9
27360.0,9396.0,0.90643275,79736842105263.0,-286752631578947.0,0.0,1.47,Crystal 9
0.0,8760.0,0.0,56052631578947.0,188439849624060.0,1584823814845.64,1.5,Crystal 10
450.0,8740.0,0.175555555555556,56052631578947.0,188439849624060.0,1590605949534.13,1.5,Crystal 10
810.0,8720.0,0.0419753086419753,56052631578947.0,188439849624060.0,1593100544110.13,1.5,Crystal 10
2160.0,8700.0,0.0129629629629629,56052631578947.0,188439849624060.0,1595157668971.67,1.5,Crystal 10
2880.0,8680.0,0.0149305555555556,56052631578947.0,188439849624060.0,1598321673130.74,1.5,Crystal 10
3600.0,8660.0,0.0297222222222222,56052631578947.0,188439849624060.0,1606220440989.45,1.5,Crystal 10
4320.0,8640.0,0.0199074074074074,56052631578947.0,188439849624060.0,1612595487772.81,1.5,Crystal 10
5040.0,8620.0,0.0406746031746032,56052631578947.0,188439849624060.0,1624593972606.01,1.5,Crystal 10
5760.0,8600.0,0.0602430555555556,56052631578947.0,188439849624060.0,1598837299953.03,1.5,Crystal 10
8640.0,8600.0,0.779050925925926,56052631578947.0,188439849624060.0,1168901915919.15,1.5,Crystal 10
9360.0,8600.0,0.523504273504273,56052631578947.0,188439849624060.0,926927499280.148,1.5,Crystal 10
10080.0,8600.0,0.694444444444444,56052631578947.0,188439849624060.0,661532596156.67,1.5,Crystal 10
10800.0,8700.0,0.925925925925926,56052631578947.0,188439849624060.0,403408340475.279,1.5,Crystal 10
11160.0,8740.0,0.685483870967742,56052631578947.0,188439849624060.0,273399054435.282,1.5,Crystal 10
11520.0,8740.0,0.638020833333333,56052631578947.0,188439849624060.0,-348721382397.021,1.5,Crystal 10
12960.0,8740.0,2.83950617283951,56052631578947.0,188439849624060.0,-456217536099.116,1.5,Crystal 10
16704.0,8740.0,6.22006704980843,56052631578947.0,188439849624060.0,-1917639351941.89,1.5,Crystal 10
18000.0,8740.0,1.88888888888889,56052631578947.0,188439849624060.0,-2158394532046.81,1.5,Crystal 10
18403.2,8740.0,0.614023648061207,56052631578947.0,188439849624060.0,-2277655247853.02,1.5,Crystal 10
20016.0,8740.0,2.30315747402078,56052631578947.0,188439849624060.0,-3052450979865.23,1.5,Crystal 10
21600.0,9180.0,2.80555555555556,56052631578947.0,188439849624060.0,-9678474454036.83,1.5,Crystal 10
22147.2,9332.0,0.383795694263835,56052631578947.0,188439849624060.0,-34002939745231.5,1.5,Crystal 10
0.0,8780.0,0.0,-63345864661654.0,1.58436E+44,629021648504.695,3.01,Crystal 11
360.0,8780.0,-0.119444444444444,-63345864661654.0,1.58436E+44,628853455307.377,3.01,Crystal 11
549.9,8760.0,-0.0072740498272413,-63345864661654.0,1.58436E+44,628837810766.38,3.01,Crystal 11
900.0,8760.0,0.0788888888888889,-63345864661654.0,1.58436E+44,629115535220.554,3.01,Crystal 11
1350.0,8740.0,0.0318518518518518,-63345864661654.0,1.58436E+44,629283769422.525,3.01,Crystal 11
2880.0,8720.0,0.0180555555555556,-63345864661654.0,1.58436E+44,629487250591.346,3.01,Crystal 11
3600.0,8700.0,0.0233333333333333,-63345864661654.0,1.58436E+44,629816032248.765,3.01,Crystal 11
4320.0,8680.0,0.0259259259259259,-63345864661654.0,1.58436E+44,630254564044.14,3.01,Crystal 11
5040.0,8660.0,0.0321428571428572,-63345864661654.0,1.58436E+44,630810816472.289,3.01,Crystal 11
5803.2,8640.0,0.0380824372759857,-63345864661654.0,1.58436E+44,629945223952.77,3.01,Crystal 11
6480.0,8620.0,0.0458333333333333,-63345864661654.0,1.58436E+44,628783056666.099,3.01,Crystal 11
7200.0,8600.0,0.0748611111111111,-63345864661654.0,1.58436E+44,626677144410.371,3.01,Crystal 11
7920.0,8580.0,0.108207070707071,-63345864661654.0,1.58436E+44,623337290375.807,3.01,Crystal 11
8640.0,8580.0,0.193981481481482,-63345864661654.0,1.58436E+44,616835829370.043,3.01,Crystal 11
9360.0,8580.0,0.224358974358974,-63345864661654.0,1.58436E+44,608745840777.053,3.01,Crystal 11
10080.0,8580.0,0.396825396825397,-63345864661654.0,1.58436E+44,593508893712.737,3.01,Crystal 11
10800.0,8580.0,0.490740740740741,-63345864661654.0,1.58436E+44,573667086407.148,3.01,Crystal 11
11520.0,8680.0,0.954861111111111,-63345864661654.0,1.58436E+44,533739449915.799,3.01,Crystal 11
12240.0,8700.0,1.22549019607843,-63345864661654.0,1.58436E+44,481987397553.198,3.01,Crystal 11
12960.0,8700.0,1.27314814814815,-63345864661654.0,1.58436E+44,483238035498.007,3.01,Crystal 11
13680.0,8700.0,1.35233918128655,-63345864661654.0,1.58436E+44,466552820810.41300,3.01,Crystal 11
14400.0,8700.0,1.49305555555556,-63345864661654.0,1.58436E+44,446668843932.77900,3.01,Crystal 11
15120.0,8700.0,1.35582010582011,-63345864661654.0,1.58436E+44,427167706842.786,3.01,Crystal 11
15840.0,8700.0,1.38888888888889,-63345864661654.0,1.58436E+44,405585147235.203,3.01,Crystal 11
16560.0,8700.0,1.05676328502415,-63345864661654.0,1.58436E+44,-386805586543.821,3.01,Crystal 11
17280.0,8700.0,1.30787037037037,-63345864661654.0,1.58436E+44,-516391126611.77,3.01,Crystal 11
18000.0,8700.0,0.827777777777778,-63345864661654.0,1.58436E+44,-635932288049.779,3.01,Crystal 11
18720.0,8700.0,0.854700854700855,-63345864661654.0,1.58436E+44,-810300664934.097,3.01,Crystal 11
19440.0,8700.0,0.771604938271605,-63345864661654.0,1.58436E+44,-989308352067.594,3.01,Crystal 11
20160.0,8700.0,0.744047619047619,-63345864661654.0,1.58436E+44,-1084974350633.27,3.01,Crystal 11
20880.0,8700.0,0.622605363984674,-63345864661654.0,1.58436E+44,-1184735442313.32,3.01,Crystal 11
21888.0,8700.0,0.959429824561404,-63345864661654.0,1.58436E+44,-1392984930062.94,3.01,Crystal 11
24768.0,9400.0,2.13178294573643,-63345864661654.0,1.58436E+44,-2533694639941.79,3.01,Crystal 11
25776.0,9400.0,0.655648665425202,-63345864661654.0,1.58436E+44,-3465033500764.51,3.01,Crystal 11
26496.0,9400.0,0.513285024154589,-63345864661654.0,1.58436E+44,-4957381166448.1,3.01,Crystal 11
27360.0,9400.0,1.08552631578947,-63345864661654.0,1.58436E+44,-12070231732777.2,3.01,Crystal 11
0.0,0.0,0.0,70300751879699.0,263721804511278.0,1098246291275.12,3.764115433,Crystal 12
450.0,-0.119444444444444,0.515555555555556,70300751879699.0,263721804511278.0,1103562397941.26,3.764115433,Crystal 12
900.0,-0.0072740498272413,0.29,70300751879699.0,263721804511278.0,1109570000000.0,3.764115433,Crystal 12
1350.0,0.0788888888888889,0.287407407407407,70300751879699.0,263721804511278.0,1100649497226.78,3.764115433,Crystal 12
2880.0,0.0318518518518518,0.201736111111111,70300751879699.0,263721804511278.0,1087409417897.2,3.764115433,Crystal 12
3600.0,0.0180555555555556,0.229444444444444,70300751879699.0,263721804511278.0,1068826832950.98,3.764115433,Crystal 12
4320.0,0.0233333333333333,0.278935185185185,70300751879699.0,263721804511278.0,1042217742131.52,3.764115433,Crystal 12
5040.0,0.0259259259259259,0.259722222222222,70300751879699.0,263721804511278.0,1013972552014.15,3.764115433,Crystal 12
5760.0,0.0321428571428572,0.446875,70300751879699.0,263721804511278.0,960384348242.913,3.764115433,Crystal 12
6480.0,0.0380824372759857,0.7125,70300751879699.0,263721804511278.0,870463885266.226,3.764115433,Crystal 12
7920.0,0.0458333333333333,1.67929292929293,70300751879699.0,263721804511278.0,651345263162.625,3.764115433,Crystal 12
8640.0,0.0748611111111111,1.00694444444444,70300751879699.0,263721804511278.0,535726815339.26500,3.764115433,Crystal 12
8827.2,0.108207070707071,0.430487583831793,70300751879699.0,263721804511278.0,491165718254.69300,3.764115433,Crystal 12
9547.2,0.193981481481482,1.48734707558237,70300751879699.0,263721804511278.0,352073601347.421,3.764115433,Crystal 12
10267.2,0.224358974358974,1.54862085086489,70300751879699.0,263721804511278.0,435336576127.768,3.764115433,Crystal 12
10800.0,0.396825396825397,1.16666666666667,70300751879699.0,263721804511278.0,411603109480.849,3.764115433,Crystal 12
11520.0,0.490740740740741,1.46701388888889,70300751879699.0,263721804511278.0,380396907003.081,3.764115433,Crystal 12
12240.0,0.954861111111111,1.33169934640523,70300751879699.0,263721804511278.0,350999137741.71,3.764115433,Crystal 12
12960.0,1.22549019607843,1.19598765432099,70300751879699.0,263721804511278.0,323703460508.865,3.764115433,Crystal 12
14400.0,1.27314814814815,2.125,70300751879699.0,263721804511278.0,271790440752.553,3.764115433,Crystal 12
15264.0,1.35233918128655,1.12028301886792,70300751879699.0,263721804511278.0,-790038952888.894,3.764115433,Crystal 12
15984.0,1.49305555555556,0.900900900900901,70300751879699.0,263721804511278.0,-1376808736757.91,3.764115433,Crystal 12
16704.0,1.35582010582011,0.718390804597701,70300751879699.0,263721804511278.0,-2256358379451.39,3.764115433,Crystal 12
17424.0,1.38888888888889,0.728879706152433,70300751879699.0,263721804511278.0,-3942194849807.55,3.764115433,Crystal 12
18000.0,1.05676328502415,0.583333333333333,70300751879699.0,263721804511278.0,-2963581248593.59,3.764115433,Crystal 12
18864.0,1.30787037037037,0.75275657336726,70300751879699.0,263721804511278.0,-3141787582528.13,3.764115433,Crystal 12
19656.0,0.827777777777778,0.727513227513227,70300751879699.0,263721804511278.0,-3351350448769.26,3.764115433,Crystal 12
20160.0,0.854700854700855,0.461309523809524,70300751879699.0,263721804511278.0,-3507992459880.77,3.764115433,Crystal 12
20692.8,0.771604938271605,0.541251063171731,70300751879699.0,263721804511278.0,-3723409467617.45,3.764115433,Crystal 12
21744.0,0.744047619047619,1.14974245768948,70300751879699.0,263721804511278.0,-4354196206886.95,3.764115433,Crystal 12
23040.0,0.622605363984674,1.88368055555556,70300751879699.0,263721804511278.0,-6583497581727.15,3.764115433,Crystal 12
23184.0,0.959429824561404,0.198412698412698,70300751879699.0,263721804511278.0,-7018975756704.66,3.764115433,Crystal 12
23760.0,2.13178294573643,1.61616161616162,70300751879699.0,263721804511278.0,-24972597258216.1,3.764115433,Crystal 12
24192.0,0.655648665425202,0.148809523809524,70300751879699.0,263721804511278.0,-42427471391755.8,3.764115433,Crystal 12
24336.0,0.513285024154589,0.0698553583168968,70300751879699.0,263721804511278.0,-58495719082434.0,3.764115433,Crystal 12
0.0,8720.0,0.0,75563909774436.0,73214285714286.0,802479686997.076,4.5,Crystal 13
450.0,8700.0,0.4,75563909774436.0,73214285714286.0,804653244775.039,4.5,Crystal 13
900.0,8680.0,0.305555555555556,75563909774436.0,73214285714286.0,807376909274.037,4.5,Crystal 13
1350.0,8660.0,0.437037037037037,75563909774436.0,73214285714286.0,800250721056.025,4.5,Crystal 13
2880.0,8640.0,0.249305555555556,75563909774436.0,73214285714286.0,791647467818.404,4.5,Crystal 13
3600.0,8620.0,0.4075,75563909774436.0,73214285714286.0,774302829874.869,4.5,Crystal 13
4320.0,8600.0,0.509259259259259,75563909774436.0,73214285714286.0,748870980974.837,4.5,Crystal 13
5040.0,8600.0,0.817460317460317,75563909774436.0,73214285714286.0,703068135511.872,4.5,Crystal 13
5760.0,8600.0,1.25,75563909774436.0,73214285714286.0,628493548854.89,4.5,Crystal 13
6480.0,8700.0,1.33950617283951,75563909774436.0,73214285714286.0,547259853623.578,4.5,Crystal 13
7200.0,8700.0,1.80555555555556,75563909774436.0,73214285714286.0,441707924801.646,4.5,Crystal 13
7920.0,8700.0,1.89393939393939,75563909774436.0,73214285714286.0,387986200320.594,4.5,Crystal 13
8640.0,8700.0,2.00231481481482,75563909774436.0,73214285714286.0,314944529964.845,4.5,Crystal 13
9360.0,8700.0,1.95512820512821,75563909774436.0,73214285714286.0,248993983824.267,4.5,Crystal 13
10080.0,8700.0,1.92460317460317,75563909774436.0,73214285714286.0,190551671634.228,4.5,Crystal 13
12312.0,8700.0,5.04385964912281,75563909774436.0,73214285714286.0,-308072302975.811,4.5,Crystal 13
13032.0,8700.0,1.45794966236955,75563909774436.0,73214285714286.0,-515920622806.829,4.5,Crystal 13
13752.0,8700.0,1.37434554973822,75563909774436.0,73214285714286.0,-705003662755.92,4.5,Crystal 13
14400.0,8700.0,1.25,75563909774436.0,73214285714286.0,-803317709488.757,4.5,Crystal 13
14716.8,8700.0,0.577571211132855,75563909774436.0,73214285714286.0,-860008684266.999,4.5,Crystal 13
15408.0,8892.0,1.19418483904465,75563909774436.0,73214285714286.0,-1015290687587.56,4.5,Crystal 13
16128.0,9092.0,1.45709325396825,75563909774436.0,73214285714286.0,-1320439874371.24,4.5,Crystal 13
16848.0,9292.0,1.48979107312441,75563909774436.0,73214285714286.0,-1947702095903.23,4.5,Crystal 13
17568.0,9492.0,2.38501821493625,75563909774436.0,73214285714286.0,-9711973240406.66,4.5,Crystal 13
18000.0,9612.0,0.5,75563909774436.0,73214285714286.0,-64310931354443.8,4.5,Crystal 13
18432.0,9732.0,0.146484375,75563909774436.0,73214285714286.0,-71218514153577.7,4.5,Crystal 13
0.0,8720.0,0.0,0.0,6920000000000000.0,-801643144010.248,0.0,Crystal 14
450.0,8700.0,0.424444444444444,0.0,6920000000000000.0,-800600304232.553,0.0,Crystal 14
900.0,8680.0,0.253333333333333,0.0,6920000000000000.0,-799357981912.62,0.0,Crystal 14
1350.0,8660.0,0.294814814814815,0.0,6920000000000000.0,-800087785065.47,0.0,Crystal 14
2880.0,8640.0,0.182638888888889,0.0,6920000000000000.0,-802961747268.06,0.0,Crystal 14
3600.0,8620.0,0.168333333333333,0.0,6920000000000000.0,-806291115483.055,0.0,Crystal 14
4320.0,8600.0,0.295138888888889,0.0,6920000000000000.0,-813360611942.814,0.0,Crystal 14
5040.0,8600.0,0.508928571428572,0.0,6920000000000000.0,-827853300119.766,0.0,Crystal 14
5760.0,8600.0,0.861458333333333,0.0,6920000000000000.0,-856954692461.709,0.0,Crystal 14
6480.0,8600.0,1.25771604938272,0.0,6920000000000000.0,-908016193674.184,0.0,Crystal 14
6912.0,8700.0,1.01996527777778,0.0,6920000000000000.0,-955762179831.978,0.0,Crystal 14
7200.0,8700.0,0.819444444444445,0.0,6920000000000000.0,-998522254615.768,0.0,Crystal 14
7632.0,8740.0,1.25786163522013,0.0,6920000000000000.0,-1074153875765.24,0.0,Crystal 14
7948.8,8740.0,0.918377616747182,0.0,6920000000000000.0,-1165958323518.65,0.0,Crystal 14
8668.8,8740.0,2.13409007013658,0.0,6920000000000000.0,-1444068481655.79,0.0,Crystal 14
9388.8,8740.0,2.06629175187457,0.0,6920000000000000.0,-1836225287999.48,0.0,Crystal 14
11088.0,8740.0,3.9231601731601700,0.0,6920000000000000.0,-3229636278062.78,0.0,Crystal 14
12960.0,8740.0,3.20216049382716,0.0,6920000000000000.0,-5132479511341.78,0.0,Crystal 14
14400.0,8740.0,2.14583333333333,0.0,6920000000000000.0,-6275882411511.17,0.0,Crystal 14
15120.0,8740.0,0.925925925925926,0.0,6920000000000000.0,-6576430237006.49,0.0,Crystal 14
15811.2,8740.0,0.885448289819875,0.0,6920000000000000.0,-6928912607963.99,0.0,Crystal 14
15840.0,8748.0,0.0441919191919192,0.0,6920000000000000.0,-6948177899147.55,0.0,Crystal 14
17280.0,9148.0,2.01388888888889,0.0,6920000000000000.0,-8198536014183.36,0.0,Crystal 14
18000.0,9348.0,1.09444444444444,0.0,6920000000000000.0,-9340608606015.52,0.0,Crystal 14
18720.0,9548.0,1.15918803418803,0.0,6920000000000000.0,-11501837748886.9,0.0,Crystal 14
19440.0,9748.0,1.47633744855967,0.0,6920000000000000.0,-22631475428071.2,0.0,Crystal 14
19872.0,9868.0,0.347222222222222,0.0,6920000000000000.0,-38684505350299.8,0.0,Crystal 14
20160.0,9948.0,0.064484126984127,0.0,6920000000000000.0,-53824312489768.6,0.0,Crystal 14
20304.0,9988.0,0.0394011032308905,0.0,6920000000000000.0,-88243567179318.2,0.0,Crystal 14
0.0,8840.0,0.0,78609022556391.0,43120300751880.0,1569510000000.0,2.25,Crystal 15
1440.0,8720.0,0.104166666666667,78609022556391.0,43120300751880.0,1570840000000.0,2.25,Crystal 15
2160.0,8700.0,0.0430555555555556,78609022556391.0,43120300751880.0,1575510000000.0,2.25,Crystal 15
2520.0,8680.0,0.0178571428571429,78609022556391.0,43120300751880.0,1575820000000.0,2.25,Crystal 15
2880.0,8660.0,0.0149305555555556,78609022556391.0,43120300751880.0,1568050000000.0,2.25,Crystal 15
3600.0,8640.0,0.0416666666666667,78609022556391.0,43120300751880.0,1554760000000.0,2.25,Crystal 15
4320.0,8620.0,0.0347222222222222,78609022556391.0,43120300751880.0,1538210000000.0,2.25,Crystal 15
5040.0,8600.0,0.0496031746031746,78609022556391.0,43120300751880.0,1507660000000.0,2.25,Crystal 15
5760.0,8580.0,0.0746527777777778,78609022556391.0,43120300751880.0,1252440000000.0,2.25,Crystal 15
6480.0,8580.0,0.0833333333333333,78609022556391.0,43120300751880.0,1044930000000.0,2.25,Crystal 15
7200.0,8580.0,0.140277777777778,78609022556391.0,43120300751880.0,899827000000.0,2.25,Crystal 15
9360.0,8580.0,0.982905982905983,78609022556391.0,43120300751880.0,797191000000.0,2.25,Crystal 15
10080.0,8580.0,0.868055555555556,78609022556391.0,43120300751880.0,681586000000.0,2.25,Crystal 15
10512.0,8680.0,0.670662100456621,78609022556391.0,43120300751880.0,725906000000.0,2.25,Crystal 15
10800.0,8720.0,0.518518518518519,78609022556391.0,43120300751880.0,631522000000.0,2.25,Crystal 15
11088.0,8720.0,0.64033189033189,78609022556391.0,43120300751880.0,573961000000.0,2.25,Crystal 15
11808.0,8720.0,1.33807588075881,78609022556391.0,43120300751880.0,517049000000.0,2.25,Crystal 15
12960.0,8720.0,2.33024691358025,78609022556391.0,43120300751880.0,-824873000000.0,2.25,Crystal 15
13680.0,8720.0,1.38157894736842,78609022556391.0,43120300751880.0,-1946670000000.0,2.25,Crystal 15
14400.0,8720.0,1.32638888888889,78609022556391.0,43120300751880.0,-3241070000000.0,2.25,Crystal 15
15408.0,8720.0,1.60955347871236,78609022556391.0,43120300751880.0,-3735180000000.0,2.25,Crystal 15
17280.0,8720.0,2.55787037037037,78609022556391.0,43120300751880.0,-5600000000000.0,2.25,Crystal 15
18144.0,8720.0,0.992063492063492,78609022556391.0,43120300751880.0,-20000000000000.0,2.25,Crystal 15
19483.2,8720.0,1.48846185431551,78609022556391.0,43120300751880.0,-30000000000000.0,2.25,Crystal 15
0.0,8760.0,0.0,53157894736842.0,-5013160000000000.0,7887066092118.09,1.22,Crystal 16
450.0,8760.0,0.0377777777777778,53157894736842.0,-5013160000000000.0,7885478649614.22,1.22,Crystal 16
810.0,8760.0,0.0567901234567901,53157894736842.0,-5013160000000000.0,7881184485141.77,1.22,Crystal 16
1350.0,8760.0,0.0303703703703704,53157894736842.0,-5013160000000000.0,7877358638247.63,1.22,Crystal 16
2880.0,8740.0,0.0135416666666667,53157894736842.0,-5013160000000000.0,7873720782642.2,1.22,Crystal 16
3600.0,8720.0,0.0158333333333333,53157894736842.0,-5013160000000000.0,7868406309319.99,1.22,Crystal 16
4320.0,8700.0,0.0173611111111111,53157894736842.0,-5013160000000000.0,7861417908209.41,1.22,Crystal 16
5040.0,8680.0,0.025,53157894736842.0,-5013160000000000.0,7849688456878.66,1.22,Crystal 16
5760.0,8660.0,0.0345486111111111,53157894736842.0,-5013160000000000.0,7831191595413.44,1.22,Crystal 16
6480.0,8640.0,0.0611111111111111,53157894736842.0,-5013160000000000.0,7794486425115.35,1.22,Crystal 16
7200.0,8620.0,0.0794444444444444,53157894736842.0,-5013160000000000.0,7741708430582.83,1.22,Crystal 16
7920.0,8600.0,0.122348484848485,53157894736842.0,-5013160000000000.0,7652945477463.72,1.22,Crystal 16
8640.0,8600.0,0.189583333333333,53157894736842.0,-5013160000000000.0,7504734000576.58,1.22,Crystal 16
9360.0,8600.0,0.303205128205128,53157894736842.0,-5013160000000000.0,7253328746849.06,1.22,Crystal 16
10080.0,8580.0,0.353670634920635,53157894736842.0,-5013160000000000.0,6947020514714.03,1.22,Crystal 16
10800.0,8560.0,0.528888888888889,53157894736842.0,-5013160000000000.0,6477670260181.73,1.22,Crystal 16
11520.0,8560.0,0.833333333333333,53157894736842.0,-5013160000000000.0,5745680521333.27,1.22,Crystal 16
12240.0,8660.0,0.735294117647059,53157894736842.0,-5013160000000000.0,5120452575247.17,1.22,Crystal 16
12960.0,8700.0,0.95679012345679,53157894736842.0,-5013160000000000.0,4348562034350.99,1.22,Crystal 16
13680.0,8700.0,1.03070175438597,53157894736842.0,-5013160000000000.0,4114757829805.34,1.22,Crystal 16
14400.0,8700.0,1.02083333333333,53157894736842.0,-5013160000000000.0,3636373513005.64,1.22,Crystal 16
15120.0,8700.0,1.12433862433862,53157894736842.0,-5013160000000000.0,3129843362513.52,1.22,Crystal 16
15840.0,8700.0,0.902777777777778,53157894736842.0,-5013160000000000.0,2741043420322.38,1.22,Crystal 16
16560.0,8700.0,0.984299516908213,53157894736842.0,-5013160000000000.0,2337656335294.03,1.22,Crystal 16
17496.0,8700.0,1.22885230909922,53157894736842.0,-5013160000000000.0,1867254543367.07,1.22,Crystal 16
18000.0,8700.0,0.683333333333333,53157894736842.0,-5013160000000000.0,1628120177441.16,1.22,Crystal 16
18720.0,8700.0,0.753205128205128,53157894736842.0,-5013160000000000.0,-2221065787103.8,1.22,Crystal 16
19440.0,8700.0,0.828189300411523,53157894736842.0,-5013160000000000.0,-2867421787696.19,1.22,Crystal 16
20160.0,8700.0,0.704365079365079,53157894736842.0,-5013160000000000.0,-3650599216548.77,1.22,Crystal 16
20880.0,8700.0,0.632183908045977,53157894736842.0,-5013160000000000.0,-4641238591853.23,1.22,Crystal 16
21600.0,8700.0,0.611111111111111,53157894736842.0,-5013160000000000.0,-4896406381199.43,1.22,Crystal 16
22320.0,8700.0,0.560035842293907,53157894736842.0,-5013160000000000.0,-5097547213748.83,1.22,Crystal 16
23760.0,8700.0,1.08164983164983,53157894736842.0,-5013160000000000.0,-5596434545845.09,1.22,Crystal 16
24480.0,8700.0,0.551470588235294,53157894736842.0,-5013160000000000.0,-5920167832543.92,1.22,Crystal 16
24854.4,8700.0,0.321874597656753,53157894736842.0,-5013160000000000.0,-6138753724118.46,1.22,Crystal 16
26640.0,9196.0,1.75675675675676,53157894736842.0,-5013160000000000.0,-8119982220850.26,1.22,Crystal 16
27360.0,9396.0,0.906432748538012,53157894736842.0,-5013160000000000.0,-10302002501694.9,1.22,Crystal 16
0.0,8740.0,0.0,181503759398496.0,113819548872180.0,-1014767182228.71,0.0,Crystal 17
180.0,8720.0,0.127777777777778,181503759398496.0,113819548872180.0,-1015224268923.41,0.0,Crystal 17
900.0,8720.0,0.261111111111111,181503759398496.0,113819548872180.0,-1019907948678.01,0.0,Crystal 17
2454.54545454545,8700.0,0.125074074074074,181503759398496.0,113819548872180.0,-1026063704104.16,0.0,Crystal 17
3272.72727272727,8700.0,0.1925,181503759398496.0,113819548872180.0,-1038828860970.67,0.0,Crystal 17
4090.9090909090900,8700.0,0.2046,181503759398496.0,113819548872180.0,-1056068692040.89,0.0,Crystal 17
5040.0,8700.0,0.314880952380952,181503759398496.0,113819548872180.0,-1089657681349.64,0.0,Crystal 17
5727.27272727273,8680.0,0.282333333333333,181503759398496.0,113819548872180.0,-1125137369748.88,0.0,Crystal 17
6545.45454545455,8660.0,0.336722222222222,181503759398496.0,113819548872180.0,-1175633326969.16,0.0,Crystal 17
7854.54545454545,8640.0,0.722893518518518,181503759398496.0,113819548872180.0,-1318038573348.61,0.0,Crystal 17
9000.0,8640.0,0.891888888888889,181503759398496.0,113819548872180.0,-1554128736248.47,0.0,Crystal 17
9818.18181818182,8640.0,0.862583333333333,181503759398496.0,113819548872180.0,-1856892851374.35,0.0,Crystal 17
10636.3636363636,8740.0,1.10940170940171,181503759398496.0,113819548872180.0,-2397432597931.04,0.0,Crystal 17
12043.6363636364,8740.0,2.02596618357488,181503759398496.0,113819548872180.0,-2353983669918.49,0.0,Crystal 17
14236.3636363636,8740.0,3.67369093231162,181503759398496.0,113819548872180.0,-3363130509605.88,0.0,Crystal 17
14727.2727272727,8740.0,0.814814814814815,181503759398496.0,113819548872180.0,-3688144063831.62,0.0,Crystal 17
15545.4545454545,8740.0,1.27368421052632,181503759398496.0,113819548872180.0,-4538711229540.59,0.0,Crystal 17
16772.7272727273,8740.0,1.7289972899729,181503759398496.0,113819548872180.0,-6384043620910.65,0.0,Crystal 17
17590.9090909091,8740.0,1.10284237726098,181503759398496.0,113819548872180.0,-7908292530988.2,0.0,Crystal 17
18409.0909090909,8740.0,1.0483950617284,181503759398496.0,113819548872180.0,-9233092686009.71,0.0,Crystal 17
19227.2727272727,8740.0,1.02978723404255,181503759398496.0,113819548872180.0,-10043431050534.2,0.0,Crystal 17
19718.1818181818,8740.0,0.608575380359613,181503759398496.0,113819548872180.0,-10635453031097.1,0.0,Crystal 17
20045.4545454545,8740.0,0.399092970521542,181503759398496.0,113819548872180.0,-11085078749073.0,0.0,Crystal 17
20781.8181818182,8944.54545454545,0.91907261592301,181503759398496.0,113819548872180.0,-12398386441785.9,0.0,Crystal 17
22418.1818181818,9399.09090909091,2.55596107055961,181503759398496.0,113819548872180.0,-21830273716150.3,0.0,Crystal 17
22581.8181818182,9444.54545454545,0.540257648953301,181503759398496.0,113819548872180.0,-27753306791016.7,0.0,Crystal 17
22745.4545454545,9490.0,0.633093525179856,181503759398496.0,113819548872180.0,-46386124645420.4,0.0,Crystal 17
22827.2727272727,9490.0,0.13142174432497,181503759398496.0,113819548872180.0,-56450231685754.6,0.0,Crystal 17
22990.9090909091,9490.0,0.173981810992487,181503759398496.0,113819548872180.0,-86829808682931.9,0.0,Crystal 17
23072.7272727273,9490.0,0.0953506698187549,181503759398496.0,113819548872180.0,-144093507285201.66,0.0,Crystal 17
23236.3636363636,9490.0,-0.0344287949921753,181503759398496.0,113819548872180.0,-113887182555831.31,0.0,Crystal 17
25036.3636363636,9490.0,0.0998547567175018,181503759398496.0,113819548872180.0,-134641381101518.95,0.0,Crystal 17
0.0,8720.0,0.0,1.09868E+16,-1045110000000000.0,983878257252.199,5.5,Crystal 18
450.0,8720.0,0.346666666666667,1.09868E+16,-1045110000000000.0,980522530293.167,5.5,Crystal 18
900.0,8720.0,0.15,1.09868E+16,-1045110000000000.0,977626708813.776,5.5,Crystal 18
2127.27272727273,8700.0,0.0404273504273505,1.09868E+16,-1045110000000000.0,975785909002.93,5.5,Crystal 18
2618.18181818182,8700.0,0.034375,1.09868E+16,-1045110000000000.0,973862773308.981,5.5,Crystal 18
3272.72727272727,8680.0,0.0537777777777778,1.09868E+16,-1045110000000000.0,970111657701.396,5.5,Crystal 18
4090.9090909090900,8660.0,0.0696666666666667,1.09868E+16,-1045110000000000.0,964064498753.566,5.5,Crystal 18
4909.09090909091,8640.0,0.0916666666666667,1.09868E+16,-1045110000000000.0,954584203379.141,5.5,Crystal 18
5727.27272727273,8620.0,0.122047619047619,1.09868E+16,-1045110000000000.0,940021580239.113,5.5,Crystal 18
6545.45454545455,8620.0,0.146361111111111,1.09868E+16,-1045110000000000.0,920382293875.093,5.5,Crystal 18
7363.63636363636,8620.0,0.223259259259259,1.09868E+16,-1045110000000000.0,887524142481.807,5.5,Crystal 18
7854.54545454545,8620.0,0.18244212962963,1.09868E+16,-1045110000000000.0,859733852932.532,5.5,Crystal 18
8672.72727272727,8620.0,0.392955974842767,1.09868E+16,-1045110000000000.0,796710010255.019,5.5,Crystal 18
9000.0,8620.0,0.195777777777778,1.09868E+16,-1045110000000000.0,765756603713.244,5.5,Crystal 18
9818.18181818182,8620.0,0.723148148148148,1.09868E+16,-1045110000000000.0,651528935889.124,5.5,Crystal 18
10636.3636363636,8620.0,1.08119658119658,1.09868E+16,-1045110000000000.0,498242015175.219,5.5,Crystal 18
11454.5454545455,8720.0,1.51031746031746,1.09868E+16,-1045110000000000.0,327404727710.394,5.5,Crystal 18
12272.7272727273,8720.0,1.50740740740741,1.09868E+16,-1045110000000000.0,327422476057.885,5.5,Crystal 18
12600.0,8760.0,0.880952380952381,1.09868E+16,-1045110000000000.0,293256367437.699,5.5,Crystal 18
13090.9090909091,8760.0,1.35972222222222,1.09868E+16,-1045110000000000.0,243720848936.026,5.5,Crystal 18
13990.9090909091,8760.0,2.47303443794672,1.09868E+16,-1045110000000000.0,164458150940.758,5.5,Crystal 18
14890.9090909091,8760.0,2.31013431013431,1.09868E+16,-1045110000000000.0,105324137168.587,5.5,Crystal 18
15627.2727272727,8760.0,1.63816172193136,1.09868E+16,-1045110000000000.0,-249082634052.582,5.5,Crystal 18
16363.6363636364,8760.0,1.47277777777778,1.09868E+16,-1045110000000000.0,-389393666687.722,5.5,Crystal 18
17181.8181818182,8760.0,1.40846560846561,1.09868E+16,-1045110000000000.0,-430920987926.17,5.5,Crystal 18
18000.0,8760.0,1.23333333333333,1.09868E+16,-1045110000000000.0,-507989833830.061,5.5,Crystal 18
18556.3636363636,8760.0,0.802959043699784,1.09868E+16,-1045110000000000.0,-576437440225.133,5.5,Crystal 18
19636.3636363636,9060.0,1.35462962962963,1.09868E+16,-1045110000000000.0,-755602350692.303,5.5,Crystal 18
20454.5454545455,9287.27272727273,1.04133333333333,1.09868E+16,-1045110000000000.0,-999304494663.223,5.5,Crystal 18
21354.5454545455,9537.27272727273,1.02554278416347,1.09868E+16,-1045110000000000.0,-1477433397854.52,5.5,Crystal 18
21763.6363636364,9650.90909090909,0.454887218045113,1.09868E+16,-1045110000000000.0,-1873003016638.54,5.5,Crystal 18
22090.9090909091,9650.0,0.353086419753086,1.09868E+16,-1045110000000000.0,-2362837728517.83,5.5,Crystal 18
22745.4545454545,9650.0,0.971622701838529,1.09868E+16,-1045110000000000.0,-8088573202021.66,5.5,Crystal 18
22909.0909090909,9650.0,0.161507936507937,1.09868E+16,-1045110000000000.0,-13004903673779.1,5.5,Crystal 18
23072.7272727273,9650.0,0.125689519306541,1.09868E+16,-1045110000000000.0,-23993944078633.7,5.5,Crystal 18
23236.3636363636,9650.0,0.0774647887323944,1.09868E+16,-1045110000000000.0,-47990528355841.90,5.5,Crystal 18
23645.4545454545,9650.0,0.0845828527489427,1.09868E+16,-1045110000000000.0,-101453708496394.88,5.5,Crystal 18
0.0,8700.0,0.0,164511278195489.0,-2798870000000000.0,429120805177.13,32.8,Crystal 19
513.0,8700.0,0.171539961,164511278195489.0,-2798870000000000.0,428536744445.499,32.8,Crystal 19
900.0,8680.0,0.138888889,164511278195489.0,-2798870000000000.0,427708261784.291,32.8,Crystal 19
2454.54545454545,8660.0,0.068444444,164511278195489.0,-2798870000000000.0,426596902611.933,32.8,Crystal 19
3272.72727272727,8640.0,0.070888889,164511278195489.0,-2798870000000000.0,425066160759.461,32.8,Crystal 19
4090.9090909090900,8620.0,0.082622222,164511278195489.0,-2798870000000000.0,422844294936.873,32.8,Crystal 19
4909.09090909091,8600.0,0.099203704,164511278195489.0,-2798870000000000.0,419660142953.608,32.8,Crystal 19
5727.27272727273,8600.0,0.119253968,164511278195489.0,-2798870000000000.0,415228464068.318,32.8,Crystal 19
6545.45454545455,8600.0,0.171569444,164511278195489.0,-2798870000000000.0,408027369054.724,32.8,Crystal 19
7363.63636363636,8600.0,0.225160494,164511278195489.0,-2798870000000000.0,397587769662.842,32.8,Crystal 19
8263.63636363636,8600.0,0.411562156,164511278195489.0,-2798870000000000.0,376874692623.956,32.8,Crystal 19
9081.81818181818,8600.0,0.53953954,164511278195489.0,-2798870000000000.0,348632310672.915,32.8,Crystal 19
9818.18181818182,8600.0,0.641666667,164511278195489.0,-2798870000000000.0,314953868633.529,32.8,Crystal 19
10636.3636363636,8600.0,0.893162393,164511278195489.0,-2798870000000000.0,269361917605.965,32.8,Crystal 19
11569.0909090909,8720.0,1.322489392,164511278195489.0,-2798870000000000.0,207625128537.356,32.8,Crystal 19
12272.7272727273,8720.0,1.157037037,164511278195489.0,-2798870000000000.0,184667823001.37,32.8,Crystal 19
13418.1818181818,8720.0,1.930216802,164511278195489.0,-2798870000000000.0,132740750596.311,32.8,Crystal 19
14727.2727272727,8720.0,2.098148148,164511278195489.0,-2798870000000000.0,86296144907.9648,32.8,Crystal 19
15709.0909090909,8720.0,1.419560185,164511278195489.0,-2798870000000000.0,61407756041.8594,32.8,Crystal 19
16527.2727272727,8720.0,1.107260726,164511278195489.0,-2798870000000000.0,45443639256.0224,32.8,Crystal 19
17345.4545454545,8720.0,0.968553459,164511278195489.0,-2798870000000000.0,42571134631.70430,32.8,Crystal 19
18163.6363636364,8720.0,0.886386386,164511278195489.0,-2798870000000000.0,38101080237.648700,32.8,Crystal 19
18981.8181818182,8720.0,0.763888889,164511278195489.0,-2798870000000000.0,-66854477889.7403,32.8,Crystal 19
19881.8181818182,8720.0,0.729309556,164511278195489.0,-2798870000000000.0,-98529248899.8876,32.8,Crystal 19
20618.1818181818,8720.0,0.5335097,164511278195489.0,-2798870000000000.0,-303072876918.291,32.8,Crystal 19
21272.7272727273,8720.0,0.427777778,164511278195489.0,-2798870000000000.0,-705193328693.83,32.8,Crystal 19
22254.5454545455,8720.0,0.579656863,164511278195489.0,-2798870000000000.0,-902264385463.056,32.8,Crystal 19
22909.0909090909,8720.0,0.375396825,164511278195489.0,-2798870000000000.0,-1270256712118.27,32.8,Crystal 19
23727.2727272727,8720.0,0.48045977,164511278195489.0,-2798870000000000.0,-1329252822130.31,32.8,Crystal 19
25036.3636363636,8720.0,0.778867102,164511278195489.0,-2798870000000000.0,-1450603063234.52,32.8,Crystal 19
25363.6363636364,8720.0,0.212903226,164511278195489.0,-2798870000000000.0,-1490025163302.53,32.8,Crystal 19
26345.4545454545,8992.72727272727,0.709799862,164511278195489.0,-2798870000000000.0,-1653730102266.87,32.8,Crystal 19
27720.0,9374.54545454546,2.424242424,164511278195489.0,-2798870000000000.0,-3480630299229.24,32.8,Crystal 19
27981.8181818182,9447.27272727273,0.732618583,164511278195489.0,-2798870000000000.0,-9963261655313.37,32.8,Crystal 19
28309.0909090909,9538.18181818182,0.134020552,164511278195489.0,-2798870000000000.0,-17897246681209.7,32.8,Crystal 19
