Time (Sec),Power(W),Growth Rate (gm/sec),No. of net impurity atoms added,Number of net impurity of previous crystal added,Output net impurity,Detector grade portion (%),SheetName
0.0,8720.0,0.0,35338345864662.0,342968609022556.0,4.743e+11,38.0,Crystal 1
900.0,8700.0,0.0911111111111111,35338345864662.0,342968609022556.0,4.744e+11,38.0,Crystal 1
1350.0,8700.0,0.0540740740740741,35338345864662.0,342968609022556.0,4.731e+11,38.0,Crystal 1
2880.0,8680.0,0.0152777777777778,35338345864662.0,342968609022556.0,4.723e+11,38.0,Crystal 1
3600.0,8660.0,0.0119444444444444,35338345864662.0,342968609022556.0,4.716e+11,38.0,Crystal 1
4320.0,8640.0,0.018287037037037,35338345864662.0,342968609022556.0,4.702e+11,38.0,Crystal 1
5040.0,8620.0,0.0279761904761905,35338345864662.0,342968609022556.0,4.677e+11,38.0,Crystal 1
5760.0,8600.0,0.0319444444444444,35338345864662.0,342968609022556.0,4.645e+11,38.0,Crystal 1
6480.0,8580.0,0.0472222222222222,35338345864662.0,342968609022556.0,4.592e+11,38.0,Crystal 1
7200.0,8560.0,0.0765277777777778,35338345864662.0,342968609022556.0,4.499e+11,38.0,Crystal 1
8928.0,8560.0,0.329189068100358,35338345864662.0,342968609022556.0,4.029e+11,38.0,Crystal 1
10080.0,8560.0,0.416666666666667,35338345864662.0,342968609022556.0,3.437e+11,38.0,Crystal 1
10800.0,8560.0,0.407407407407407,35338345864662.0,342968609022556.0,2.905e+11,38.0,Crystal 1
12960.0,8660.0,2.34567901234568,35338345864662.0,342968609022556.0,8.606e+10,38.0,Crystal 1
13464.0,8700.0,0.935828877005348,35338345864662.0,342968609022556.0,5.045e+10,38.0,Crystal 1
15120.0,8700.0,3.12169312169312,35338345864662.0,342968609022556.0,-5.032e+10,38.0,Crystal 1
15984.0,8700.0,1.55155155155155,35338345864662.0,342968609022556.0,-5.866e+10,38.0,Crystal 1
16560.0,8700.0,0.89975845410628,35338345864662.0,342968609022556.0,-6.475e+10,38.0,Crystal 1
18000.0,8700.0,2.0,35338345864662.0,342968609022556.0,-1.457e+11,38.0,Crystal 1
18720.0,8700.0,0.822649572649573,35338345864662.0,342968609022556.0,-2.431e+11,38.0,Crystal 1
19440.0,8700.0,0.601851851851852,35338345864662.0,342968609022556.0,-3.680e+11,38.0,Crystal 1
20160.0,8700.0,0.694444444444444,35338345864662.0,342968609022556.0,-6.240e+11,38.0,Crystal 1
21600.0,8700.0,0.925925925925926,35338345864662.0,342968609022556.0,-6.637e+11,38.0,Crystal 1
23040.0,8700.0,0.737847222222222,35338345864662.0,342968609022556.0,-7.243e+11,38.0,Crystal 1
24048.0,8700.0,0.461576846307385,35338345864662.0,342968609022556.0,-7.710e+11,38.0,Crystal 1
26582.4,9404.0,1.24142289635247,35338345864662.0,342968609022556.0,-9.605e+11,38.0,Crystal 1
29232.0,9500.0,2.03544061302682,35338345864662.0,342968609022556.0,-1.851e+12,38.0,Crystal 1
0.0,8780.0,0.0,761278195488722.0,0.0,8.226e+11,9.0,Crystal 2
252.0,8720.0,0.130952380952381,761278195488722.0,0.0,8.232e+11,9.0,Crystal 2
450.0,8700.0,0.126666666666667,761278195488722.0,0.0,8.242e+11,9.0,Crystal 2
900.0,8680.0,0.0788888888888888,761278195488722.0,0.0,8.255e+11,9.0,Crystal 2
1350.0,8660.0,0.0577777777777778,761278195488722.0,0.0,8.269e+11,9.0,Crystal 2
2880.0,8640.0,0.0295138888888889,761278195488722.0,0.0,8.284e+11,9.0,Crystal 2
3600.0,8620.0,0.0233333333333333,761278195488722.0,0.0,8.299e+11,9.0,Crystal 2
4320.0,8600.0,0.0469907407407407,761278195488722.0,0.0,8.303e+11,9.0,Crystal 2
5760.0,8600.0,0.102777777777778,761278195488722.0,0.0,8.198e+11,9.0,Crystal 2
6480.0,8600.0,0.0938271604938272,761278195488722.0,0.0,8.091e+11,9.0,Crystal 2
7200.0,8600.0,0.140277777777778,761278195488722.0,0.0,7.916e+11,9.0,Crystal 2
8640.0,8600.0,0.434027777777778,761278195488722.0,0.0,7.295e+11,9.0,Crystal 2
10080.0,8600.0,0.927579365079365,761278195488722.0,0.0,5.931e+11,9.0,Crystal 2
10800.0,8600.0,0.574074074074074,761278195488722.0,0.0,5.156e+11,9.0,Crystal 2
11664.0,8700.0,1.02880658436214,761278195488722.0,0.0,3.906e+11,9.0,Crystal 2
12240.0,8700.0,0.923202614379085,761278195488722.0,0.0,2.982e+11,9.0,Crystal 2
12960.0,8700.0,1.03395061728395,761278195488722.0,0.0,2.365e+11,9.0,Crystal 2
13680.0,8700.0,1.08918128654971,761278195488722.0,0.0,2.018e+11,9.0,Crystal 2
14400.0,8740.0,1.18055555555556,761278195488722.0,0.0,1.669e+11,9.0,Crystal 2
15120.0,8740.0,1.09126984126984,761278195488722.0,0.0,1.374e+11,9.0,Crystal 2
15840.0,8740.0,0.921717171717172,761278195488722.0,0.0,1.146e+11,9.0,Crystal 2
16560.0,8740.0,0.766908212560386,761278195488722.0,0.0,9.718e+10,9.0,Crystal 2
17280.0,8720.0,0.775462962962963,761278195488722.0,0.0,8.092e+10,9.0,Crystal 2
18000.0,8720.0,0.55,761278195488722.0,0.0,7.025e+10,9.0,Crystal 2
20160.0,8720.0,1.49801587301587,761278195488722.0,0.0,-2.269e+11,9.0,Crystal 2
20880.0,8720.0,0.407088122605364,761278195488722.0,0.0,-3.051e+11,9.0,Crystal 2
21600.0,8720.0,0.393518518518519,761278195488722.0,0.0,-4.154e+11,9.0,Crystal 2
22320.0,8720.0,0.291218637992832,761278195488722.0,0.0,-5.307e+11,9.0,Crystal 2
23040.0,8720.0,0.368923611111111,761278195488722.0,0.0,-7.403e+11,9.0,Crystal 2
23760.0,8720.0,0.336700336700337,761278195488722.0,0.0,-6.241e+11,9.0,Crystal 2
24480.0,8720.0,0.347222222222222,761278195488722.0,0.0,-6.489e+11,9.0,Crystal 2
25200.0,8720.0,0.396825396825397,761278195488722.0,0.0,-6.811e+11,9.0,Crystal 2
25920.0,8720.0,0.462962962962963,761278195488722.0,0.0,-7.250e+11,9.0,Crystal 2
26640.0,8720.0,0.45045045045045,761278195488722.0,0.0,-7.758e+11,9.0,Crystal 2
27504.0,8954.0,0.716259453170448,761278195488722.0,0.0,-8.794e+11,9.0,Crystal 2
29520.0,9498.0,3.56029810298103,761278195488722.0,0.0,-1.023e+13,9.0,Crystal 2
0.0,8600.0,0.0,0.0,-439398496240602.0,1.584e+11,14.58,Crystal 3
270.0,8600.0,0.0740740740740741,0.0,-439398496240602.0,1.583e+11,14.58,Crystal 3
630.0,8600.0,0.0761904761904761,0.0,-439398496240602.0,1.580e+11,14.58,Crystal 3
990.0,8600.0,0.0656565656565657,0.0,-439398496240602.0,1.576e+11,14.58,Crystal 3
1485.0,8600.0,0.0666666666666666,0.0,-439398496240602.0,1.570e+11,14.58,Crystal 3
2880.0,8580.0,0.0215277777777778,0.0,-439398496240602.0,1.567e+11,14.58,Crystal 3
3600.0,8560.0,0.0511111111111111,0.0,-439398496240602.0,1.556e+11,14.58,Crystal 3
4320.0,8540.0,0.0655092592592593,0.0,-439398496240602.0,1.540e+11,14.58,Crystal 3
5040.0,8520.0,0.0783730158730159,0.0,-439398496240602.0,1.518e+11,14.58,Crystal 3
5760.0,8500.0,0.124305555555556,0.0,-439398496240602.0,1.479e+11,14.58,Crystal 3
6480.0,8480.0,0.154320987654321,0.0,-439398496240602.0,1.426e+11,14.58,Crystal 3
7200.0,8460.0,0.214722222222222,0.0,-439398496240602.0,1.347e+11,14.58,Crystal 3
7920.0,8460.0,0.251767676767677,0.0,-439398496240602.0,1.251e+11,14.58,Crystal 3
6480.0,8460.0,-0.603395061728395,0.0,-439398496240602.0,1.445e+11,14.58,Crystal 3
7200.0,8460.0,0.0513888888888889,0.0,-439398496240602.0,1.426e+11,14.58,Crystal 3
7920.0,8460.0,0.107323232323232,0.0,-439398496240602.0,1.382e+11,14.58,Crystal 3
8640.0,8460.0,0.126157407407407,0.0,-439398496240602.0,1.327e+11,14.58,Crystal 3
9360.0,8460.0,0.18482905982906,0.0,-439398496240602.0,1.245e+11,14.58,Crystal 3
10080.0,8460.0,0.319444444444445,0.0,-439398496240602.0,1.104e+11,14.58,Crystal 3
10800.0,8460.0,0.537037037037037,0.0,-439398496240602.0,8.871e+10,14.58,Crystal 3
11520.0,8560.0,0.868055555555556,0.0,-439398496240602.0,6.034e+10,14.58,Crystal 3
12240.0,8560.0,1.18464052287582,0.0,-439398496240602.0,3.384e+10,14.58,Crystal 3
12960.0,8600.0,1.28858024691358,0.0,-439398496240602.0,-3.020e+10,14.58,Crystal 3
13680.0,8600.0,1.41812865497076,0.0,-439398496240602.0,-3.732e+10,14.58,Crystal 3
14400.0,8600.0,1.39583333333333,0.0,-439398496240602.0,-4.714e+10,14.58,Crystal 3
15120.0,8600.0,1.26322751322751,0.0,-439398496240602.0,-5.978e+10,14.58,Crystal 3
15840.0,8600.0,1.19949494949495,0.0,-439398496240602.0,-7.701e+10,14.58,Crystal 3
16560.0,8600.0,1.08695652173913,0.0,-439398496240602.0,-9.970e+10,14.58,Crystal 3
18000.0,8600.0,1.7,0.0,-439398496240602.0,-2.069e+11,14.58,Crystal 3
18720.0,8600.0,0.721153846153846,0.0,-439398496240602.0,-2.942e+11,14.58,Crystal 3
20880.0,8600.0,1.63793103448276,0.0,-439398496240602.0,-4.316e+11,14.58,Crystal 3
21600.0,8600.0,0.467592592592593,0.0,-439398496240602.0,-4.618e+11,14.58,Crystal 3
23040.0,8600.0,0.868055555555556,0.0,-439398496240602.0,-5.360e+11,14.58,Crystal 3
23760.0,8600.0,0.462962962962963,0.0,-439398496240602.0,-5.879e+11,14.58,Crystal 3
24624.0,8840.0,0.592917478882391,0.0,-439398496240602.0,-6.744e+11,14.58,Crystal 3
25344.0,9080.0,0.568181818181818,0.0,-439398496240602.0,-7.884e+11,14.58,Crystal 3
26784.0,9320.0,1.68010752688172,0.0,-439398496240602.0,-1.660e+12,14.58,Crystal 3
0.0,8600.0,0.0,104135338345865.0,174129699248120.0,5.633e+11,11.27,Crystal 4
360.0,8600.0,0.491666666666667,104135338345865.0,174129699248120.0,5.618e+11,11.27,Crystal 4
720.0,8600.0,0.175,104135338345865.0,174129699248120.0,5.607e+11,11.27,Crystal 4
1080.0,8600.0,0.176851851851852,104135338345865.0,174129699248120.0,5.591e+11,11.27,Crystal 4
1440.0,8600.0,0.197222222222222,104135338345865.0,174129699248120.0,5.568e+11,11.27,Crystal 4
2880.0,8580.0,0.084375,104135338345865.0,174129699248120.0,5.548e+11,11.27,Crystal 4
3600.0,8560.0,0.1675,104135338345865.0,174129699248120.0,5.498e+11,11.27,Crystal 4
4320.0,8540.0,0.172916666666667,104135338345865.0,174129699248120.0,5.436e+11,11.27,Crystal 4
5040.0,8520.0,0.224007936507937,104135338345865.0,174129699248120.0,5.345e+11,11.27,Crystal 4
5760.0,8500.0,0.313020833333333,104135338345865.0,174129699248120.0,5.201e+11,11.27,Crystal 4
6480.0,8480.0,0.462808641975309,104135338345865.0,174129699248120.0,4.969e+11,11.27,Crystal 4
7200.0,8460.0,0.640972222222222,104135338345865.0,174129699248120.0,4.628e+11,11.27,Crystal 4
7920.0,8600.0,1.17424242424242,104135338345865.0,174129699248120.0,3.999e+11,11.27,Crystal 4
8640.0,8600.0,1.23842592592593,104135338345865.0,174129699248120.0,3.364e+11,11.27,Crystal 4
9360.0,8600.0,1.5491452991453,104135338345865.0,174129699248120.0,2.636e+11,11.27,Crystal 4
10080.0,8600.0,1.63690476190476,104135338345865.0,174129699248120.0,2.516e+11,11.27,Crystal 4
10800.0,8600.0,1.71296296296296,104135338345865.0,174129699248120.0,1.915e+11,11.27,Crystal 4
11520.0,8600.0,1.51909722222222,104135338345865.0,174129699248120.0,1.454e+11,11.27,Crystal 4
12240.0,8600.0,1.59313725490196,104135338345865.0,174129699248120.0,1.046e+11,11.27,Crystal 4
12960.0,8600.0,1.50462962962963,104135338345865.0,174129699248120.0,7.319e+10,11.27,Crystal 4
13680.0,8600.0,1.42543859649123,104135338345865.0,174129699248120.0,4.955e+10,11.27,Crystal 4
14400.0,8600.0,1.28472222222222,104135338345865.0,174129699248120.0,-3.178e+11,11.27,Crystal 4
15120.0,8600.0,1.21031746031746,104135338345865.0,174129699248120.0,-6.943e+11,11.27,Crystal 4
16560.0,8600.0,2.18599033816425,104135338345865.0,174129699248120.0,-1.588e+12,11.27,Crystal 4
17280.0,8600.0,1.05902777777778,104135338345865.0,174129699248120.0,-1.814e+12,11.27,Crystal 4
17438.4,8840.0,0.240847784200385,104135338345865.0,174129699248120.0,-1.876e+12,11.27,Crystal 4
18432.0,9116.0,1.71440972222222,104135338345865.0,174129699248120.0,-2.550e+12,11.27,Crystal 4
19152.0,9316.0,1.90058479532164,104135338345865.0,174129699248120.0,-4.560e+12,11.27,Crystal 4
19440.0,9396.0,1.4917695473251,104135338345865.0,174129699248120.0,-2.548e+13,11.27,Crystal 4
0.0,8620.0,0.0,0.0,1380390000000000.0,6.118e+11,21.83,Crystal 5
270.0,8620.0,0.411111111111111,0.0,1380390000000000.0,6.107e+11,21.83,Crystal 5
540.0,8620.0,0.153703703703704,0.0,1380390000000000.0,6.099e+11,21.83,Crystal 5
810.0,8620.0,0.0753086419753087,0.0,1380390000000000.0,6.093e+11,21.83,Crystal 5
1170.0,8620.0,0.088034188034188,0.0,1380390000000000.0,6.084e+11,21.83,Crystal 5
1530.0,8620.0,0.069281045751634,0.0,1380390000000000.0,6.074e+11,21.83,Crystal 5
2880.0,8600.0,0.0381944444444444,0.0,1380390000000000.0,6.063e+11,21.83,Crystal 5
3600.0,8580.0,0.0561111111111111,0.0,1380390000000000.0,6.044e+11,21.83,Crystal 5
4320.0,8560.0,0.0689814814814815,0.0,1380390000000000.0,6.016e+11,21.83,Crystal 5
5040.0,8540.0,0.100992063492064,0.0,1380390000000000.0,5.969e+11,21.83,Crystal 5
5760.0,8520.0,0.116666666666667,0.0,1380390000000000.0,5.906e+11,21.83,Crystal 5
6480.0,8500.0,0.149691358024691,0.0,1380390000000000.0,5.817e+11,21.83,Crystal 5
7200.0,8480.0,0.226527777777778,0.0,1380390000000000.0,5.670e+11,21.83,Crystal 5
7920.0,8460.0,0.352272727272727,0.0,1380390000000000.0,5.425e+11,21.83,Crystal 5
8640.0,8460.0,0.620833333333333,0.0,1380390000000000.0,4.979e+11,21.83,Crystal 5
9360.0,8600.0,0.94284188034188,0.0,1380390000000000.0,4.309e+11,21.83,Crystal 5
10080.0,8620.0,1.46835317460317,0.0,1380390000000000.0,3.352e+11,21.83,Crystal 5
10800.0,8640.0,1.56777777777778,0.0,1380390000000000.0,3.494e+11,21.83,Crystal 5
11520.0,8640.0,1.90885416666667,0.0,1380390000000000.0,3.386e+11,21.83,Crystal 5
12240.0,8640.0,1.87949346405229,0.0,1380390000000000.0,3.268e+11,21.83,Crystal 5
12960.0,8640.0,1.63233024691358,0.0,1380390000000000.0,3.154e+11,21.83,Crystal 5
13680.0,8640.0,1.46235380116959,0.0,1380390000000000.0,3.039e+11,21.83,Crystal 5
14400.0,8640.0,1.60416666666667,0.0,1380390000000000.0,7.993e+10,21.83,Crystal 5
15120.0,8640.0,1.36904761904762,0.0,1380390000000000.0,2.999e+10,21.83,Crystal 5
15840.0,8640.0,1.09217171717172,0.0,1380390000000000.0,1.195e+10,21.83,Crystal 5
16560.0,8640.0,1.08091787439614,0.0,1380390000000000.0,-6.309e+10,21.83,Crystal 5
16992.0,8640.0,0.617937853107345,0.0,1380390000000000.0,-7.478e+10,21.83,Crystal 5
17856.0,8880.0,1.103270609319,0.0,1380390000000000.0,-1.077e+11,21.83,Crystal 5
18864.0,9160.0,1.21925360474979,0.0,1380390000000000.0,-1.836e+11,21.83,Crystal 5
19584.0,9360.0,0.786356209150327,0.0,1380390000000000.0,-2.906e+11,21.83,Crystal 5
20448.0,9360.0,0.743348982785603,0.0,1380390000000000.0,-5.241e+11,21.83,Crystal 5
21168.0,9360.0,0.434618291761149,0.0,1380390000000000.0,-8.359e+11,21.83,Crystal 5
22032.0,9360.0,0.394880174291939,0.0,1380390000000000.0,-1.483e+12,21.83,Crystal 5
23472.0,9360.0,0.673142467620995,0.0,1380390000000000.0,-2.190e+13,21.83,Crystal 5
0.0,8580.0,0.0,-1358460000000000.0,865319548872180.0,3.854e+11,10.6,Crystal 6
450.0,8570.0,0.184444444444444,-1358460000000000.0,865319548872180.0,3.847e+11,10.6,Crystal 6
900.0,8560.0,0.0866666666666667,-1358460000000000.0,865319548872180.0,3.841e+11,10.6,Crystal 6
1125.0,8540.0,0.04,-1358460000000000.0,865319548872180.0,3.838e+11,10.6,Crystal 6
1350.0,8530.0,0.0318518518518519,-1358460000000000.0,865319548872180.0,3.834e+11,10.6,Crystal 6
2520.0,8520.0,0.0226190476190476,-1358460000000000.0,865319548872180.0,3.830e+11,10.6,Crystal 6
2880.0,8500.0,0.028125,-1358460000000000.0,865319548872180.0,3.823e+11,10.6,Crystal 6
3600.0,8480.0,0.0647222222222222,-1358460000000000.0,865319548872180.0,3.805e+11,10.6,Crystal 6
4320.0,8480.0,0.0837962962962963,-1358460000000000.0,865319548872180.0,3.777e+11,10.6,Crystal 6
5040.0,8470.0,0.114880952380952,-1358460000000000.0,865319548872180.0,3.732e+11,10.6,Crystal 6
5760.0,8460.0,0.15625,-1358460000000000.0,865319548872180.0,3.663e+11,10.6,Crystal 6
6480.0,8460.0,0.320679012345679,-1358460000000000.0,865319548872180.0,3.508e+11,10.6,Crystal 6
7200.0,8460.0,0.212083333333333,-1358460000000000.0,865319548872180.0,3.398e+11,10.6,Crystal 6
5918.4,8480.0,-0.60911732900784,-1358460000000000.0,865319548872180.0,3.663e+11,10.6,Crystal 6
6638.4,8480.0,0.0588997348758737,-1358460000000000.0,865319548872180.0,3.633e+11,10.6,Crystal 6
7358.4,8480.0,0.0990704500978473,-1358460000000000.0,865319548872180.0,3.579e+11,10.6,Crystal 6
8078.4,8480.0,0.220340661517132,-1358460000000000.0,865319548872180.0,3.448e+11,10.6,Crystal 6
8640.0,8480.0,0.188657407407407,-1358460000000000.0,865319548872180.0,3.332e+11,10.6,Crystal 6
9360.0,8480.0,0.305555555555555,-1358460000000000.0,865319548872180.0,3.137e+11,10.6,Crystal 6
10512.0,8480.0,0.736301369863014,-1358460000000000.0,865319548872180.0,2.659e+11,10.6,Crystal 6
11088.0,8600.0,0.482503607503608,-1358460000000000.0,865319548872180.0,2.366e+11,10.6,Crystal 6
11376.0,8600.0,0.492264416315049,-1358460000000000.0,865319548872180.0,2.091e+11,10.6,Crystal 6
12096.0,8580.0,1.06646825396825,-1358460000000000.0,865319548872180.0,1.559e+11,10.6,Crystal 6
12960.0,8580.0,1.26543209876543,-1358460000000000.0,865319548872180.0,1.549e+11,10.6,Crystal 6
13680.0,8580.0,1.21345029239766,-1358460000000000.0,865319548872180.0,1.376e+11,10.6,Crystal 6
14400.0,8580.0,1.24305555555556,-1358460000000000.0,865319548872180.0,1.203e+11,10.6,Crystal 6
15998.4,8580.0,2.61901190119012,-1358460000000000.0,865319548872180.0,-2.149e+10,10.6,Crystal 6
17424.0,8580.0,2.07759412304867,-1358460000000000.0,865319548872180.0,-1.645e+11,10.6,Crystal 6
18864.0,8580.0,1.82888040712468,-1358460000000000.0,865319548872180.0,-1.653e+12,10.6,Crystal 6
20160.0,8580.0,1.52777777777778,-1358460000000000.0,865319548872180.0,-5.456e+12,10.6,Crystal 6
21456.0,8580.0,1.45413870246085,-1358460000000000.0,865319548872180.0,-6.352e+12,10.6,Crystal 6
21600.0,8620.0,0.143518518518519,-1358460000000000.0,865319548872180.0,-6.463e+12,10.6,Crystal 6
22320.0,8820.0,0.851254480286738,-1358460000000000.0,865319548872180.0,-7.285e+12,10.6,Crystal 6
23040.0,9020.0,0.911458333333333,-1358460000000000.0,865319548872180.0,-8.615e+12,10.6,Crystal 6
24019.2,9292.0,1.53627098321343,-1358460000000000.0,865319548872180.0,-1.423e+13,10.6,Crystal 6
24235.2,9352.0,0.742721330956625,-1358460000000000.0,865319548872180.0,-2.620e+13,10.6,Crystal 6
24681.6,9352.0,0.20258005963957,-1358460000000000.0,865319548872180.0,-3.925e+13,10.6,Crystal 6
25056.0,9352.0,0.207535121328225,-1358460000000000.0,865319548872180.0,-5.252e+13,10.6,Crystal 6
0.0,8760.0,0.0,141503759398496.0,-79699248120301.0,4.624e+11,1.25,Crystal 7
450.0,8760.0,0.0511111111111111,141503759398496.0,-79699248120301.0,4.624e+11,1.25,Crystal 7
900.0,8760.0,0.0133333333333333,141503759398496.0,-79699248120301.0,4.624e+11,1.25,Crystal 7
2160.0,8740.0,0.012037037037037,141503759398496.0,-79699248120301.0,4.624e+11,1.25,Crystal 7
2880.0,8720.0,0.0159722222222222,141503759398496.0,-79699248120301.0,4.624e+11,1.25,Crystal 7
3600.0,8700.0,0.0180555555555556,141503759398496.0,-79699248120301.0,4.623e+11,1.25,Crystal 7
4320.0,8680.0,0.0541666666666667,141503759398496.0,-79699248120301.0,4.621e+11,1.25,Crystal 7
5040.0,8660.0,0.128571428571429,141503759398496.0,-79699248120301.0,4.616e+11,1.25,Crystal 7
5760.0,8640.0,0.212673611111111,141503759398496.0,-79699248120301.0,4.606e+11,1.25,Crystal 7
6480.0,8620.0,0.322839506172839,141503759398496.0,-79699248120301.0,4.589e+11,1.25,Crystal 7
7200.0,8600.0,0.489166666666667,141503759398496.0,-79699248120301.0,4.560e+11,1.25,Crystal 7
7920.0,8580.0,0.73989898989899,141503759398496.0,-79699248120301.0,4.511e+11,1.25,Crystal 7
8640.0,8580.0,1.08796296296296,141503759398496.0,-79699248120301.0,4.433e+11,1.25,Crystal 7
8928.0,8700.0,0.436827956989247,141503759398496.0,-79699248120301.0,4.400e+11,1.25,Crystal 7
9648.0,8700.0,1.67910447761194,141503759398496.0,-79699248120301.0,4.264e+11,1.25,Crystal 7
9936.0,8730.0,0.684380032206119,141503759398496.0,-79699248120301.0,4.051e+11,1.25,Crystal 7
10800.0,8730.0,2.06481481481482,141503759398496.0,-79699248120301.0,3.537e+11,1.25,Crystal 7
14400.0,8730.0,6.70138888888889,141503759398496.0,-79699248120301.0,-2.526e+11,1.25,Crystal 7
15840.0,8730.0,1.96969696969697,141503759398496.0,-79699248120301.0,-3.783e+11,1.25,Crystal 7
16804.8,8730.0,1.02351709035514,141503759398496.0,-79699248120301.0,-4.865e+11,1.25,Crystal 7
17913.6,8730.0,1.04948195784209,141503759398496.0,-79699248120301.0,-4.890e+11,1.25,Crystal 7
19756.8,8730.0,1.44760285066408,141503759398496.0,-79699248120301.0,-5.830e+11,1.25,Crystal 7
20160.0,8730.0,0.302579365079365,141503759398496.0,-79699248120301.0,-6.080e+11,1.25,Crystal 7
20880.0,8730.0,0.541187739463602,141503759398496.0,-79699248120301.0,-6.610e+11,1.25,Crystal 7
21355.2,8730.0,0.374616018580955,141503759398496.0,-79699248120301.0,-7.060e+11,1.25,Crystal 7
21600.0,8798.0,0.231481481481481,141503759398496.0,-79699248120301.0,-7.370e+11,1.25,Crystal 7
0.0,8780.0,0.0,45394736842105.0,1372180000000000.0,8.292e+11,2.42,Crystal 8
450.0,8780.0,0.26888889,45394736842105.0,1372180000000000.0,8.284e+11,2.42,Crystal 8
900.0,8780.0,0.06888889,45394736842105.0,1372180000000000.0,8.278e+11,2.42,Crystal 8
1350.0,8760.0,0.05777778,45394736842105.0,1372180000000000.0,8.269e+11,2.42,Crystal 8
2880.0,8740.0,0.03611111,45394736842105.0,1372180000000000.0,8.259e+11,2.42,Crystal 8
3600.0,8720.0,0.04055556,45394736842105.0,1372180000000000.0,8.243e+11,2.42,Crystal 8
4320.0,8700.0,0.03773148,45394736842105.0,1372180000000000.0,8.226e+11,2.42,Crystal 8
5040.0,8680.0,0.06230159,45394736842105.0,1372180000000000.0,8.193e+11,2.42,Crystal 8
5760.0,8660.0,0.07986111,45394736842105.0,1372180000000000.0,8.145e+11,2.42,Crystal 8
6480.0,8640.0,0.09814815,45394736842105.0,1372180000000000.0,8.079e+11,2.42,Crystal 8
7200.0,8620.0,0.15819444,45394736842105.0,1372180000000000.0,7.962e+11,2.42,Crystal 8
7920.0,8600.0,0.16414141,45394736842105.0,1372180000000000.0,7.830e+11,2.42,Crystal 8
8640.0,8600.0,0.30555556,45394736842105.0,1372180000000000.0,7.567e+11,2.42,Crystal 8
9086.4,8600.0,0.18269061,45394736842105.0,1372180000000000.0,7.406e+11,2.42,Crystal 8
10080.0,8580.0,0.31746032,45394736842105.0,1372180000000000.0,7.102e+11,2.42,Crystal 8
10800.0,8560.0,0.46296296,45394736842105.0,1372180000000000.0,6.648e+11,2.42,Crystal 8
11520.0,8560.0,0.67708333,45394736842105.0,1372180000000000.0,5.987e+11,2.42,Crystal 8
12096.0,8660.0,0.67791005,45394736842105.0,1372180000000000.0,5.350e+11,2.42,Crystal 8
12960.0,8700.0,1.53549383,45394736842105.0,1372180000000000.0,4.930e+11,2.42,Crystal 8
13680.0,8700.0,1.53508772,45394736842105.0,1372180000000000.0,4.930e+11,2.42,Crystal 8
15120.0,8700.0,2.75132275,45394736842105.0,1372180000000000.0,4.930e+11,2.42,Crystal 8
16560.0,8700.0,2.57850242,45394736842105.0,1372180000000000.0,4.930e+11,2.42,Crystal 8
17280.0,8700.0,1.15162037,45394736842105.0,1372180000000000.0,-9.540e+11,2.42,Crystal 8
18720.0,8700.0,1.90705128,45394736842105.0,1372180000000000.0,-2.829e+12,2.42,Crystal 8
19584.0,8700.0,0.95486111,45394736842105.0,1372180000000000.0,-3.136e+12,2.42,Crystal 8
20736.0,8700.0,1.07542438,45394736842105.0,1372180000000000.0,-3.489e+12,2.42,Crystal 8
26064.0,10180.0,4.07842234,45394736842105.0,1372180000000000.0,-8.855e+12,2.42,Crystal 8
27504.0,10580.0,0.98894706,45394736842105.0,1372180000000000.0,-1.771e+13,2.42,Crystal 8
28080.0,10740.0,0.67663818,45394736842105.0,1372180000000000.0,-5.611e+13,2.42,Crystal 8
0.0,8760.0,0.0,79736842105263.0,-286752631578947.0,0.000e+00,1.47,Crystal 9
450.0,8760.0,0.03777778,79736842105263.0,-286752631578947.0,0.000e+00,1.47,Crystal 9
810.0,8760.0,0.05679012,79736842105263.0,-286752631578947.0,0.000e+00,1.47,Crystal 9
1350.0,8760.0,0.03037037,79736842105263.0,-286752631578947.0,0.000e+00,1.47,Crystal 9
2880.0,8740.0,0.01354167,79736842105263.0,-286752631578947.0,0.000e+00,1.47,Crystal 9
3600.0,8720.0,0.01583333,79736842105263.0,-286752631578947.0,0.000e+00,1.47,Crystal 9
4320.0,8700.0,0.01736111,79736842105263.0,-286752631578947.0,0.000e+00,1.47,Crystal 9
5040.0,8680.0,0.025,79736842105263.0,-286752631578947.0,0.000e+00,1.47,Crystal 9
5760.0,8660.0,0.03454861,79736842105263.0,-286752631578947.0,0.000e+00,1.47,Crystal 9
6480.0,8640.0,0.06111111,79736842105263.0,-286752631578947.0,0.000e+00,1.47,Crystal 9
7200.0,8620.0,0.07944444,79736842105263.0,-286752631578947.0,0.000e+00,1.47,Crystal 9
7920.0,8600.0,0.12234848,79736842105263.0,-286752631578947.0,0.000e+00,1.47,Crystal 9
8640.0,8600.0,0.18958333,79736842105263.0,-286752631578947.0,0.000e+00,1.47,Crystal 9
9360.0,8600.0,0.30320513,79736842105263.0,-286752631578947.0,0.000e+00,1.47,Crystal 9
10080.0,8580.0,0.35367063,79736842105263.0,-286752631578947.0,0.000e+00,1.47,Crystal 9
10800.0,8560.0,0.52888889,79736842105263.0,-286752631578947.0,0.000e+00,1.47,Crystal 9
11520.0,8560.0,0.83333333,79736842105263.0,-286752631578947.0,0.000e+00,1.47,Crystal 9
12240.0,8660.0,0.73529412,79736842105263.0,-286752631578947.0,0.000e+00,1.47,Crystal 9
12960.0,8700.0,0.95679012,79736842105263.0,-286752631578947.0,0.000e+00,1.47,Crystal 9
13680.0,8700.0,1.03070175,79736842105263.0,-286752631578947.0,0.000e+00,1.47,Crystal 9
14400.0,8700.0,1.02083333,79736842105263.0,-286752631578947.0,0.000e+00,1.47,Crystal 9
15120.0,8700.0,1.12433862,79736842105263.0,-286752631578947.0,0.000e+00,1.47,Crystal 9
15840.0,8700.0,0.90277778,79736842105263.0,-286752631578947.0,0.000e+00,1.47,Crystal 9
16560.0,8700.0,0.98429952,79736842105263.0,-286752631578947.0,0.000e+00,1.47,Crystal 9
17496.0,8700.0,1.22885231,79736842105263.0,-286752631578947.0,0.000e+00,1.47,Crystal 9
18000.0,8700.0,0.68333333,79736842105263.0,-286752631578947.0,0.000e+00,1.47,Crystal 9
18720.0,8700.0,0.75320513,79736842105263.0,-286752631578947.0,0.000e+00,1.47,Crystal 9
19440.0,8700.0,0.8281893,79736842105263.0,-286752631578947.0,0.000e+00,1.47,Crystal 9
20160.0,8700.0,0.70436508,79736842105263.0,-286752631578947.0,0.000e+00,1.47,Crystal 9
20880.0,8700.0,0.63218391,79736842105263.0,-286752631578947.0,0.000e+00,1.47,Crystal 9
21600.0,8700.0,0.61111111,79736842105263.0,-286752631578947.0,0.000e+00,1.47,Crystal 9
22320.0,8700.0,0.56003584,79736842105263.0,-286752631578947.0,0.000e+00,1.47,Crystal 9
23760.0,8700.0,1.08164983,79736842105263.0,-286752631578947.0,0.000e+00,1.47,Crystal 9
24480.0,8700.0,0.55147059,79736842105263.0,-286752631578947.0,0.000e+00,1.47,Crystal 9
24854.4,8700.0,0.3218746,79736842105263.0,-286752631578947.0,0.000e+00,1.47,Crystal 9
26640.0,9196.0,1.75675676,79736842105263.0,-286752631578947.0,0.000e+00,1.47,Crystal 9
27360.0,9396.0,0.90643275,79736842105263.0,-286752631578947.0,0.000e+00,1.47,Crystal 9
0.0,8760.0,0.0,56052631578947.0,188439849624060.0,1.585e+12,1.5,Crystal 10
450.0,8740.0,0.175555555555556,56052631578947.0,188439849624060.0,1.591e+12,1.5,Crystal 10
810.0,8720.0,0.0419753086419753,56052631578947.0,188439849624060.0,1.593e+12,1.5,Crystal 10
2160.0,8700.0,0.0129629629629629,56052631578947.0,188439849624060.0,1.595e+12,1.5,Crystal 10
2880.0,8680.0,0.0149305555555556,56052631578947.0,188439849624060.0,1.598e+12,1.5,Crystal 10
3600.0,8660.0,0.0297222222222222,56052631578947.0,188439849624060.0,1.606e+12,1.5,Crystal 10
4320.0,8640.0,0.0199074074074074,56052631578947.0,188439849624060.0,1.613e+12,1.5,Crystal 10
5040.0,8620.0,0.0406746031746032,56052631578947.0,188439849624060.0,1.625e+12,1.5,Crystal 10
5760.0,8600.0,0.0602430555555556,56052631578947.0,188439849624060.0,1.599e+12,1.5,Crystal 10
8640.0,8600.0,0.779050925925926,56052631578947.0,188439849624060.0,1.169e+12,1.5,Crystal 10
9360.0,8600.0,0.523504273504273,56052631578947.0,188439849624060.0,9.269e+11,1.5,Crystal 10
10080.0,8600.0,0.694444444444444,56052631578947.0,188439849624060.0,6.615e+11,1.5,Crystal 10
10800.0,8700.0,0.925925925925926,56052631578947.0,188439849624060.0,4.034e+11,1.5,Crystal 10
11160.0,8740.0,0.685483870967742,56052631578947.0,188439849624060.0,2.734e+11,1.5,Crystal 10
11520.0,8740.0,0.638020833333333,56052631578947.0,188439849624060.0,-3.487e+11,1.5,Crystal 10
12960.0,8740.0,2.83950617283951,56052631578947.0,188439849624060.0,-4.562e+11,1.5,Crystal 10
16704.0,8740.0,6.22006704980843,56052631578947.0,188439849624060.0,-1.918e+12,1.5,Crystal 10
18000.0,8740.0,1.88888888888889,56052631578947.0,188439849624060.0,-2.158e+12,1.5,Crystal 10
18403.2,8740.0,0.614023648061207,56052631578947.0,188439849624060.0,-2.278e+12,1.5,Crystal 10
20016.0,8740.0,2.30315747402078,56052631578947.0,188439849624060.0,-3.052e+12,1.5,Crystal 10
21600.0,9180.0,2.80555555555556,56052631578947.0,188439849624060.0,-9.678e+12,1.5,Crystal 10
22147.2,9332.0,0.383795694263835,56052631578947.0,188439849624060.0,-3.400e+13,1.5,Crystal 10
0.0,8780.0,0.0,-63345864661654.0,1.58436e+44,6.290e+11,3.01,Crystal 11
360.0,8780.0,-0.119444444444444,-63345864661654.0,1.58436e+44,6.289e+11,3.01,Crystal 11
549.9,8760.0,-0.0072740498272413,-63345864661654.0,1.58436e+44,6.288e+11,3.01,Crystal 11
900.0,8760.0,0.0788888888888889,-63345864661654.0,1.58436e+44,6.291e+11,3.01,Crystal 11
1350.0,8740.0,0.0318518518518518,-63345864661654.0,1.58436e+44,6.293e+11,3.01,Crystal 11
2880.0,8720.0,0.0180555555555556,-63345864661654.0,1.58436e+44,6.295e+11,3.01,Crystal 11
3600.0,8700.0,0.0233333333333333,-63345864661654.0,1.58436e+44,6.298e+11,3.01,Crystal 11
4320.0,8680.0,0.0259259259259259,-63345864661654.0,1.58436e+44,6.303e+11,3.01,Crystal 11
5040.0,8660.0,0.0321428571428572,-63345864661654.0,1.58436e+44,6.308e+11,3.01,Crystal 11
5803.2,8640.0,0.0380824372759857,-63345864661654.0,1.58436e+44,6.299e+11,3.01,Crystal 11
6480.0,8620.0,0.0458333333333333,-63345864661654.0,1.58436e+44,6.288e+11,3.01,Crystal 11
7200.0,8600.0,0.0748611111111111,-63345864661654.0,1.58436e+44,6.267e+11,3.01,Crystal 11
7920.0,8580.0,0.108207070707071,-63345864661654.0,1.58436e+44,6.233e+11,3.01,Crystal 11
8640.0,8580.0,0.193981481481482,-63345864661654.0,1.58436e+44,6.168e+11,3.01,Crystal 11
9360.0,8580.0,0.224358974358974,-63345864661654.0,1.58436e+44,6.087e+11,3.01,Crystal 11
10080.0,8580.0,0.396825396825397,-63345864661654.0,1.58436e+44,5.935e+11,3.01,Crystal 11
10800.0,8580.0,0.490740740740741,-63345864661654.0,1.58436e+44,5.737e+11,3.01,Crystal 11
11520.0,8680.0,0.954861111111111,-63345864661654.0,1.58436e+44,5.337e+11,3.01,Crystal 11
12240.0,8700.0,1.22549019607843,-63345864661654.0,1.58436e+44,4.820e+11,3.01,Crystal 11
12960.0,8700.0,1.27314814814815,-63345864661654.0,1.58436e+44,4.832e+11,3.01,Crystal 11
13680.0,8700.0,1.35233918128655,-63345864661654.0,1.58436e+44,4.666e+11,3.01,Crystal 11
14400.0,8700.0,1.49305555555556,-63345864661654.0,1.58436e+44,4.467e+11,3.01,Crystal 11
15120.0,8700.0,1.35582010582011,-63345864661654.0,1.58436e+44,4.272e+11,3.01,Crystal 11
15840.0,8700.0,1.38888888888889,-63345864661654.0,1.58436e+44,4.056e+11,3.01,Crystal 11
16560.0,8700.0,1.05676328502415,-63345864661654.0,1.58436e+44,-3.868e+11,3.01,Crystal 11
17280.0,8700.0,1.30787037037037,-63345864661654.0,1.58436e+44,-5.164e+11,3.01,Crystal 11
18000.0,8700.0,0.827777777777778,-63345864661654.0,1.58436e+44,-6.359e+11,3.01,Crystal 11
18720.0,8700.0,0.854700854700855,-63345864661654.0,1.58436e+44,-8.103e+11,3.01,Crystal 11
19440.0,8700.0,0.771604938271605,-63345864661654.0,1.58436e+44,-9.893e+11,3.01,Crystal 11
20160.0,8700.0,0.744047619047619,-63345864661654.0,1.58436e+44,-1.085e+12,3.01,Crystal 11
20880.0,8700.0,0.622605363984674,-63345864661654.0,1.58436e+44,-1.185e+12,3.01,Crystal 11
21888.0,8700.0,0.959429824561404,-63345864661654.0,1.58436e+44,-1.393e+12,3.01,Crystal 11
24768.0,9400.0,2.13178294573643,-63345864661654.0,1.58436e+44,-2.534e+12,3.01,Crystal 11
25776.0,9400.0,0.655648665425202,-63345864661654.0,1.58436e+44,-3.465e+12,3.01,Crystal 11
26496.0,9400.0,0.513285024154589,-63345864661654.0,1.58436e+44,-4.957e+12,3.01,Crystal 11
27360.0,9400.0,1.08552631578947,-63345864661654.0,1.58436e+44,-1.207e+13,3.01,Crystal 11
0.0,0.0,0.0,70300751879699.0,263721804511278.0,1.098e+12,3.764115433,Crystal 12
450.0,-0.119444444444444,0.515555555555556,70300751879699.0,263721804511278.0,1.104e+12,3.764115433,Crystal 12
900.0,-0.0072740498272413,0.29,70300751879699.0,263721804511278.0,1.110e+12,3.764115433,Crystal 12
1350.0,0.0788888888888889,0.287407407407407,70300751879699.0,263721804511278.0,1.101e+12,3.764115433,Crystal 12
2880.0,0.0318518518518518,0.201736111111111,70300751879699.0,263721804511278.0,1.087e+12,3.764115433,Crystal 12
3600.0,0.0180555555555556,0.229444444444444,70300751879699.0,263721804511278.0,1.069e+12,3.764115433,Crystal 12
4320.0,0.0233333333333333,0.278935185185185,70300751879699.0,263721804511278.0,1.042e+12,3.764115433,Crystal 12
5040.0,0.0259259259259259,0.259722222222222,70300751879699.0,263721804511278.0,1.014e+12,3.764115433,Crystal 12
5760.0,0.0321428571428572,0.446875,70300751879699.0,263721804511278.0,9.604e+11,3.764115433,Crystal 12
6480.0,0.0380824372759857,0.7125,70300751879699.0,263721804511278.0,8.705e+11,3.764115433,Crystal 12
7920.0,0.0458333333333333,1.67929292929293,70300751879699.0,263721804511278.0,6.513e+11,3.764115433,Crystal 12
8640.0,0.0748611111111111,1.00694444444444,70300751879699.0,263721804511278.0,5.357e+11,3.764115433,Crystal 12
8827.2,0.108207070707071,0.430487583831793,70300751879699.0,263721804511278.0,4.912e+11,3.764115433,Crystal 12
9547.2,0.193981481481482,1.48734707558237,70300751879699.0,263721804511278.0,3.521e+11,3.764115433,Crystal 12
10267.2,0.224358974358974,1.54862085086489,70300751879699.0,263721804511278.0,4.353e+11,3.764115433,Crystal 12
10800.0,0.396825396825397,1.16666666666667,70300751879699.0,263721804511278.0,4.116e+11,3.764115433,Crystal 12
11520.0,0.490740740740741,1.46701388888889,70300751879699.0,263721804511278.0,3.804e+11,3.764115433,Crystal 12
12240.0,0.954861111111111,1.33169934640523,70300751879699.0,263721804511278.0,3.510e+11,3.764115433,Crystal 12
12960.0,1.22549019607843,1.19598765432099,70300751879699.0,263721804511278.0,3.237e+11,3.764115433,Crystal 12
14400.0,1.27314814814815,2.125,70300751879699.0,263721804511278.0,2.718e+11,3.764115433,Crystal 12
15264.0,1.35233918128655,1.12028301886792,70300751879699.0,263721804511278.0,-7.900e+11,3.764115433,Crystal 12
15984.0,1.49305555555556,0.900900900900901,70300751879699.0,263721804511278.0,-1.377e+12,3.764115433,Crystal 12
16704.0,1.35582010582011,0.718390804597701,70300751879699.0,263721804511278.0,-2.256e+12,3.764115433,Crystal 12
17424.0,1.38888888888889,0.728879706152433,70300751879699.0,263721804511278.0,-3.942e+12,3.764115433,Crystal 12
18000.0,1.05676328502415,0.583333333333333,70300751879699.0,263721804511278.0,-2.964e+12,3.764115433,Crystal 12
18864.0,1.30787037037037,0.75275657336726,70300751879699.0,263721804511278.0,-3.142e+12,3.764115433,Crystal 12
19656.0,0.827777777777778,0.727513227513227,70300751879699.0,263721804511278.0,-3.351e+12,3.764115433,Crystal 12
20160.0,0.854700854700855,0.461309523809524,70300751879699.0,263721804511278.0,-3.508e+12,3.764115433,Crystal 12
20692.8,0.771604938271605,0.541251063171731,70300751879699.0,263721804511278.0,-3.723e+12,3.764115433,Crystal 12
21744.0,0.744047619047619,1.14974245768948,70300751879699.0,263721804511278.0,-4.354e+12,3.764115433,Crystal 12
23040.0,0.622605363984674,1.88368055555556,70300751879699.0,263721804511278.0,-6.583e+12,3.764115433,Crystal 12
23184.0,0.959429824561404,0.198412698412698,70300751879699.0,263721804511278.0,-7.019e+12,3.764115433,Crystal 12
23760.0,2.13178294573643,1.61616161616162,70300751879699.0,263721804511278.0,-2.497e+13,3.764115433,Crystal 12
24192.0,0.655648665425202,0.148809523809524,70300751879699.0,263721804511278.0,-4.243e+13,3.764115433,Crystal 12
24336.0,0.513285024154589,0.0698553583168968,70300751879699.0,263721804511278.0,-5.850e+13,3.764115433,Crystal 12
0.0,8720.0,0.0,75563909774436.0,73214285714286.0,8.025e+11,4.5,Crystal 13
450.0,8700.0,0.4,75563909774436.0,73214285714286.0,8.047e+11,4.5,Crystal 13
900.0,8680.0,0.305555555555556,75563909774436.0,73214285714286.0,8.074e+11,4.5,Crystal 13
1350.0,8660.0,0.437037037037037,75563909774436.0,73214285714286.0,8.003e+11,4.5,Crystal 13
2880.0,8640.0,0.249305555555556,75563909774436.0,73214285714286.0,7.916e+11,4.5,Crystal 13
3600.0,8620.0,0.4075,75563909774436.0,73214285714286.0,7.743e+11,4.5,Crystal 13
4320.0,8600.0,0.509259259259259,75563909774436.0,73214285714286.0,7.489e+11,4.5,Crystal 13
5040.0,8600.0,0.817460317460317,75563909774436.0,73214285714286.0,7.031e+11,4.5,Crystal 13
5760.0,8600.0,1.25,75563909774436.0,73214285714286.0,6.285e+11,4.5,Crystal 13
6480.0,8700.0,1.33950617283951,75563909774436.0,73214285714286.0,5.473e+11,4.5,Crystal 13
7200.0,8700.0,1.80555555555556,75563909774436.0,73214285714286.0,4.417e+11,4.5,Crystal 13
7920.0,8700.0,1.89393939393939,75563909774436.0,73214285714286.0,3.880e+11,4.5,Crystal 13
8640.0,8700.0,2.00231481481482,75563909774436.0,73214285714286.0,3.149e+11,4.5,Crystal 13
9360.0,8700.0,1.95512820512821,75563909774436.0,73214285714286.0,2.490e+11,4.5,Crystal 13
10080.0,8700.0,1.92460317460317,75563909774436.0,73214285714286.0,1.906e+11,4.5,Crystal 13
12312.0,8700.0,5.04385964912281,75563909774436.0,73214285714286.0,-3.081e+11,4.5,Crystal 13
13032.0,8700.0,1.45794966236955,75563909774436.0,73214285714286.0,-5.159e+11,4.5,Crystal 13
13752.0,8700.0,1.37434554973822,75563909774436.0,73214285714286.0,-7.050e+11,4.5,Crystal 13
14400.0,8700.0,1.25,75563909774436.0,73214285714286.0,-8.033e+11,4.5,Crystal 13
14716.8,8700.0,0.577571211132855,75563909774436.0,73214285714286.0,-8.600e+11,4.5,Crystal 13
15408.0,8892.0,1.19418483904465,75563909774436.0,73214285714286.0,-1.015e+12,4.5,Crystal 13
16128.0,9092.0,1.45709325396825,75563909774436.0,73214285714286.0,-1.320e+12,4.5,Crystal 13
16848.0,9292.0,1.48979107312441,75563909774436.0,73214285714286.0,-1.948e+12,4.5,Crystal 13
17568.0,9492.0,2.38501821493625,75563909774436.0,73214285714286.0,-9.712e+12,4.5,Crystal 13
18000.0,9612.0,0.5,75563909774436.0,73214285714286.0,-6.431e+13,4.5,Crystal 13
18432.0,9732.0,0.146484375,75563909774436.0,73214285714286.0,-7.122e+13,4.5,Crystal 13
0.0,8720.0,0.0,0.0,6920000000000000.0,-8.016e+11,0.0,Crystal 14
450.0,8700.0,0.424444444444444,0.0,6920000000000000.0,-8.006e+11,0.0,Crystal 14
900.0,8680.0,0.253333333333333,0.0,6920000000000000.0,-7.994e+11,0.0,Crystal 14
1350.0,8660.0,0.294814814814815,0.0,6920000000000000.0,-8.001e+11,0.0,Crystal 14
2880.0,8640.0,0.182638888888889,0.0,6920000000000000.0,-8.030e+11,0.0,Crystal 14
3600.0,8620.0,0.168333333333333,0.0,6920000000000000.0,-8.063e+11,0.0,Crystal 14
4320.0,8600.0,0.295138888888889,0.0,6920000000000000.0,-8.134e+11,0.0,Crystal 14
5040.0,8600.0,0.508928571428572,0.0,6920000000000000.0,-8.279e+11,0.0,Crystal 14
5760.0,8600.0,0.861458333333333,0.0,6920000000000000.0,-8.570e+11,0.0,Crystal 14
6480.0,8600.0,1.25771604938272,0.0,6920000000000000.0,-9.080e+11,0.0,Crystal 14
6912.0,8700.0,1.01996527777778,0.0,6920000000000000.0,-9.558e+11,0.0,Crystal 14
7200.0,8700.0,0.819444444444445,0.0,6920000000000000.0,-9.985e+11,0.0,Crystal 14
7632.0,8740.0,1.25786163522013,0.0,6920000000000000.0,-1.074e+12,0.0,Crystal 14
7948.8,8740.0,0.918377616747182,0.0,6920000000000000.0,-1.166e+12,0.0,Crystal 14
8668.8,8740.0,2.13409007013658,0.0,6920000000000000.0,-1.444e+12,0.0,Crystal 14
9388.8,8740.0,2.06629175187457,0.0,6920000000000000.0,-1.836e+12,0.0,Crystal 14
11088.0,8740.0,3.9231601731601695,0.0,6920000000000000.0,-3.230e+12,0.0,Crystal 14
12960.0,8740.0,3.20216049382716,0.0,6920000000000000.0,-5.132e+12,0.0,Crystal 14
14400.0,8740.0,2.14583333333333,0.0,6920000000000000.0,-6.276e+12,0.0,Crystal 14
15120.0,8740.0,0.925925925925926,0.0,6920000000000000.0,-6.576e+12,0.0,Crystal 14
15811.2,8740.0,0.885448289819875,0.0,6920000000000000.0,-6.929e+12,0.0,Crystal 14
15840.0,8748.0,0.0441919191919192,0.0,6920000000000000.0,-6.948e+12,0.0,Crystal 14
17280.0,9148.0,2.01388888888889,0.0,6920000000000000.0,-8.199e+12,0.0,Crystal 14
18000.0,9348.0,1.09444444444444,0.0,6920000000000000.0,-9.341e+12,0.0,Crystal 14
18720.0,9548.0,1.15918803418803,0.0,6920000000000000.0,-1.150e+13,0.0,Crystal 14
19440.0,9748.0,1.47633744855967,0.0,6920000000000000.0,-2.263e+13,0.0,Crystal 14
19872.0,9868.0,0.347222222222222,0.0,6920000000000000.0,-3.868e+13,0.0,Crystal 14
20160.0,9948.0,0.064484126984127,0.0,6920000000000000.0,-5.382e+13,0.0,Crystal 14
20304.0,9988.0,0.0394011032308905,0.0,6920000000000000.0,-8.824e+13,0.0,Crystal 14
0.0,8840.0,0.0,78609022556391.0,43120300751880.0,1.570e+12,2.25,Crystal 15
1440.0,8720.0,0.104166666666667,78609022556391.0,43120300751880.0,1.571e+12,2.25,Crystal 15
2160.0,8700.0,0.0430555555555556,78609022556391.0,43120300751880.0,1.576e+12,2.25,Crystal 15
2520.0,8680.0,0.0178571428571429,78609022556391.0,43120300751880.0,1.576e+12,2.25,Crystal 15
2880.0,8660.0,0.0149305555555556,78609022556391.0,43120300751880.0,1.568e+12,2.25,Crystal 15
3600.0,8640.0,0.0416666666666667,78609022556391.0,43120300751880.0,1.555e+12,2.25,Crystal 15
4320.0,8620.0,0.0347222222222222,78609022556391.0,43120300751880.0,1.538e+12,2.25,Crystal 15
5040.0,8600.0,0.0496031746031746,78609022556391.0,43120300751880.0,1.508e+12,2.25,Crystal 15
5760.0,8580.0,0.0746527777777778,78609022556391.0,43120300751880.0,1.252e+12,2.25,Crystal 15
6480.0,8580.0,0.0833333333333333,78609022556391.0,43120300751880.0,1.045e+12,2.25,Crystal 15
7200.0,8580.0,0.140277777777778,78609022556391.0,43120300751880.0,8.998e+11,2.25,Crystal 15
9360.0,8580.0,0.982905982905983,78609022556391.0,43120300751880.0,7.972e+11,2.25,Crystal 15
10080.0,8580.0,0.868055555555556,78609022556391.0,43120300751880.0,6.816e+11,2.25,Crystal 15
10512.0,8680.0,0.670662100456621,78609022556391.0,43120300751880.0,7.259e+11,2.25,Crystal 15
10800.0,8720.0,0.518518518518519,78609022556391.0,43120300751880.0,6.315e+11,2.25,Crystal 15
11088.0,8720.0,0.64033189033189,78609022556391.0,43120300751880.0,5.740e+11,2.25,Crystal 15
11808.0,8720.0,1.33807588075881,78609022556391.0,43120300751880.0,5.170e+11,2.25,Crystal 15
12960.0,8720.0,2.33024691358025,78609022556391.0,43120300751880.0,-8.249e+11,2.25,Crystal 15
13680.0,8720.0,1.38157894736842,78609022556391.0,43120300751880.0,-1.947e+12,2.25,Crystal 15
14400.0,8720.0,1.32638888888889,78609022556391.0,43120300751880.0,-3.241e+12,2.25,Crystal 15
15408.0,8720.0,1.60955347871236,78609022556391.0,43120300751880.0,-3.735e+12,2.25,Crystal 15
17280.0,8720.0,2.55787037037037,78609022556391.0,43120300751880.0,-5.600e+12,2.25,Crystal 15
18144.0,8720.0,0.992063492063492,78609022556391.0,43120300751880.0,-2.000e+13,2.25,Crystal 15
19483.2,8720.0,1.48846185431551,78609022556391.0,43120300751880.0,-3.000e+13,2.25,Crystal 15
0.0,8760.0,0.0,53157894736842.0,-5013160000000000.0,7.887e+12,1.22,Crystal 16
450.0,8760.0,0.0377777777777778,53157894736842.0,-5013160000000000.0,7.885e+12,1.22,Crystal 16
810.0,8760.0,0.0567901234567901,53157894736842.0,-5013160000000000.0,7.881e+12,1.22,Crystal 16
1350.0,8760.0,0.0303703703703704,53157894736842.0,-5013160000000000.0,7.877e+12,1.22,Crystal 16
2880.0,8740.0,0.0135416666666667,53157894736842.0,-5013160000000000.0,7.874e+12,1.22,Crystal 16
3600.0,8720.0,0.0158333333333333,53157894736842.0,-5013160000000000.0,7.868e+12,1.22,Crystal 16
4320.0,8700.0,0.0173611111111111,53157894736842.0,-5013160000000000.0,7.861e+12,1.22,Crystal 16
5040.0,8680.0,0.025,53157894736842.0,-5013160000000000.0,7.850e+12,1.22,Crystal 16
5760.0,8660.0,0.0345486111111111,53157894736842.0,-5013160000000000.0,7.831e+12,1.22,Crystal 16
6480.0,8640.0,0.0611111111111111,53157894736842.0,-5013160000000000.0,7.794e+12,1.22,Crystal 16
7200.0,8620.0,0.0794444444444444,53157894736842.0,-5013160000000000.0,7.742e+12,1.22,Crystal 16
7920.0,8600.0,0.122348484848485,53157894736842.0,-5013160000000000.0,7.653e+12,1.22,Crystal 16
8640.0,8600.0,0.189583333333333,53157894736842.0,-5013160000000000.0,7.505e+12,1.22,Crystal 16
9360.0,8600.0,0.303205128205128,53157894736842.0,-5013160000000000.0,7.253e+12,1.22,Crystal 16
10080.0,8580.0,0.353670634920635,53157894736842.0,-5013160000000000.0,6.947e+12,1.22,Crystal 16
10800.0,8560.0,0.528888888888889,53157894736842.0,-5013160000000000.0,6.478e+12,1.22,Crystal 16
11520.0,8560.0,0.833333333333333,53157894736842.0,-5013160000000000.0,5.746e+12,1.22,Crystal 16
12240.0,8660.0,0.735294117647059,53157894736842.0,-5013160000000000.0,5.120e+12,1.22,Crystal 16
12960.0,8700.0,0.95679012345679,53157894736842.0,-5013160000000000.0,4.349e+12,1.22,Crystal 16
13680.0,8700.0,1.03070175438597,53157894736842.0,-5013160000000000.0,4.115e+12,1.22,Crystal 16
14400.0,8700.0,1.02083333333333,53157894736842.0,-5013160000000000.0,3.636e+12,1.22,Crystal 16
15120.0,8700.0,1.12433862433862,53157894736842.0,-5013160000000000.0,3.130e+12,1.22,Crystal 16
15840.0,8700.0,0.902777777777778,53157894736842.0,-5013160000000000.0,2.741e+12,1.22,Crystal 16
16560.0,8700.0,0.984299516908213,53157894736842.0,-5013160000000000.0,2.338e+12,1.22,Crystal 16
17496.0,8700.0,1.22885230909922,53157894736842.0,-5013160000000000.0,1.867e+12,1.22,Crystal 16
18000.0,8700.0,0.683333333333333,53157894736842.0,-5013160000000000.0,1.628e+12,1.22,Crystal 16
18720.0,8700.0,0.753205128205128,53157894736842.0,-5013160000000000.0,-2.221e+12,1.22,Crystal 16
19440.0,8700.0,0.828189300411523,53157894736842.0,-5013160000000000.0,-2.867e+12,1.22,Crystal 16
20160.0,8700.0,0.704365079365079,53157894736842.0,-5013160000000000.0,-3.651e+12,1.22,Crystal 16
20880.0,8700.0,0.632183908045977,53157894736842.0,-5013160000000000.0,-4.641e+12,1.22,Crystal 16
21600.0,8700.0,0.611111111111111,53157894736842.0,-5013160000000000.0,-4.896e+12,1.22,Crystal 16
22320.0,8700.0,0.560035842293907,53157894736842.0,-5013160000000000.0,-5.098e+12,1.22,Crystal 16
23760.0,8700.0,1.08164983164983,53157894736842.0,-5013160000000000.0,-5.596e+12,1.22,Crystal 16
24480.0,8700.0,0.551470588235294,53157894736842.0,-5013160000000000.0,-5.920e+12,1.22,Crystal 16
24854.4,8700.0,0.321874597656753,53157894736842.0,-5013160000000000.0,-6.139e+12,1.22,Crystal 16
26640.0,9196.0,1.75675675675676,53157894736842.0,-5013160000000000.0,-8.120e+12,1.22,Crystal 16
27360.0,9396.0,0.906432748538012,53157894736842.0,-5013160000000000.0,-1.030e+13,1.22,Crystal 16
0.0,8740.0,0.0,181503759398496.0,113819548872180.0,-1.015e+12,0.0,Crystal 17
180.0,8720.0,0.127777777777778,181503759398496.0,113819548872180.0,-1.015e+12,0.0,Crystal 17
900.0,8720.0,0.261111111111111,181503759398496.0,113819548872180.0,-1.020e+12,0.0,Crystal 17
2454.54545454545,8700.0,0.125074074074074,181503759398496.0,113819548872180.0,-1.026e+12,0.0,Crystal 17
3272.72727272727,8700.0,0.1925,181503759398496.0,113819548872180.0,-1.039e+12,0.0,Crystal 17
4090.9090909090896,8700.0,0.2046,181503759398496.0,113819548872180.0,-1.056e+12,0.0,Crystal 17
5040.0,8700.0,0.314880952380952,181503759398496.0,113819548872180.0,-1.090e+12,0.0,Crystal 17
5727.27272727273,8680.0,0.282333333333333,181503759398496.0,113819548872180.0,-1.125e+12,0.0,Crystal 17
6545.45454545455,8660.0,0.336722222222222,181503759398496.0,113819548872180.0,-1.176e+12,0.0,Crystal 17
7854.54545454545,8640.0,0.722893518518518,181503759398496.0,113819548872180.0,-1.318e+12,0.0,Crystal 17
9000.0,8640.0,0.891888888888889,181503759398496.0,113819548872180.0,-1.554e+12,0.0,Crystal 17
9818.18181818182,8640.0,0.862583333333333,181503759398496.0,113819548872180.0,-1.857e+12,0.0,Crystal 17
10636.3636363636,8740.0,1.10940170940171,181503759398496.0,113819548872180.0,-2.397e+12,0.0,Crystal 17
12043.6363636364,8740.0,2.02596618357488,181503759398496.0,113819548872180.0,-2.354e+12,0.0,Crystal 17
14236.3636363636,8740.0,3.67369093231162,181503759398496.0,113819548872180.0,-3.363e+12,0.0,Crystal 17
14727.2727272727,8740.0,0.814814814814815,181503759398496.0,113819548872180.0,-3.688e+12,0.0,Crystal 17
15545.4545454545,8740.0,1.27368421052632,181503759398496.0,113819548872180.0,-4.539e+12,0.0,Crystal 17
16772.7272727273,8740.0,1.7289972899729,181503759398496.0,113819548872180.0,-6.384e+12,0.0,Crystal 17
17590.9090909091,8740.0,1.10284237726098,181503759398496.0,113819548872180.0,-7.908e+12,0.0,Crystal 17
18409.0909090909,8740.0,1.0483950617284,181503759398496.0,113819548872180.0,-9.233e+12,0.0,Crystal 17
19227.2727272727,8740.0,1.02978723404255,181503759398496.0,113819548872180.0,-1.004e+13,0.0,Crystal 17
19718.1818181818,8740.0,0.608575380359613,181503759398496.0,113819548872180.0,-1.064e+13,0.0,Crystal 17
20045.4545454545,8740.0,0.399092970521542,181503759398496.0,113819548872180.0,-1.109e+13,0.0,Crystal 17
20781.8181818182,8944.54545454545,0.91907261592301,181503759398496.0,113819548872180.0,-1.240e+13,0.0,Crystal 17
22418.1818181818,9399.09090909091,2.55596107055961,181503759398496.0,113819548872180.0,-2.183e+13,0.0,Crystal 17
22581.8181818182,9444.54545454545,0.540257648953301,181503759398496.0,113819548872180.0,-2.775e+13,0.0,Crystal 17
22745.4545454545,9490.0,0.633093525179856,181503759398496.0,113819548872180.0,-4.639e+13,0.0,Crystal 17
22827.2727272727,9490.0,0.13142174432497,181503759398496.0,113819548872180.0,-5.645e+13,0.0,Crystal 17
22990.9090909091,9490.0,0.173981810992487,181503759398496.0,113819548872180.0,-8.683e+13,0.0,Crystal 17
23072.7272727273,9490.0,0.0953506698187549,181503759398496.0,113819548872180.0,-1.441e+14,0.0,Crystal 17
23236.3636363636,9490.0,-0.0344287949921753,181503759398496.0,113819548872180.0,-1.139e+14,0.0,Crystal 17
25036.3636363636,9490.0,0.0998547567175018,181503759398496.0,113819548872180.0,-1.346e+14,0.0,Crystal 17
0.0,8720.0,0.0,1.09868e+16,-1045110000000000.0,9.839e+11,5.5,Crystal 18
450.0,8720.0,0.346666666666667,1.09868e+16,-1045110000000000.0,9.805e+11,5.5,Crystal 18
900.0,8720.0,0.15,1.09868e+16,-1045110000000000.0,9.776e+11,5.5,Crystal 18
2127.27272727273,8700.0,0.0404273504273505,1.09868e+16,-1045110000000000.0,9.758e+11,5.5,Crystal 18
2618.18181818182,8700.0,0.034375,1.09868e+16,-1045110000000000.0,9.739e+11,5.5,Crystal 18
3272.72727272727,8680.0,0.0537777777777778,1.09868e+16,-1045110000000000.0,9.701e+11,5.5,Crystal 18
4090.9090909090896,8660.0,0.0696666666666667,1.09868e+16,-1045110000000000.0,9.641e+11,5.5,Crystal 18
4909.09090909091,8640.0,0.0916666666666667,1.09868e+16,-1045110000000000.0,9.546e+11,5.5,Crystal 18
5727.27272727273,8620.0,0.122047619047619,1.09868e+16,-1045110000000000.0,9.400e+11,5.5,Crystal 18
6545.45454545455,8620.0,0.146361111111111,1.09868e+16,-1045110000000000.0,9.204e+11,5.5,Crystal 18
7363.63636363636,8620.0,0.223259259259259,1.09868e+16,-1045110000000000.0,8.875e+11,5.5,Crystal 18
7854.54545454545,8620.0,0.18244212962963,1.09868e+16,-1045110000000000.0,8.597e+11,5.5,Crystal 18
8672.72727272727,8620.0,0.392955974842767,1.09868e+16,-1045110000000000.0,7.967e+11,5.5,Crystal 18
9000.0,8620.0,0.195777777777778,1.09868e+16,-1045110000000000.0,7.658e+11,5.5,Crystal 18
9818.18181818182,8620.0,0.723148148148148,1.09868e+16,-1045110000000000.0,6.515e+11,5.5,Crystal 18
10636.3636363636,8620.0,1.08119658119658,1.09868e+16,-1045110000000000.0,4.982e+11,5.5,Crystal 18
11454.5454545455,8720.0,1.51031746031746,1.09868e+16,-1045110000000000.0,3.274e+11,5.5,Crystal 18
12272.7272727273,8720.0,1.50740740740741,1.09868e+16,-1045110000000000.0,3.274e+11,5.5,Crystal 18
12600.0,8760.0,0.880952380952381,1.09868e+16,-1045110000000000.0,2.933e+11,5.5,Crystal 18
13090.9090909091,8760.0,1.35972222222222,1.09868e+16,-1045110000000000.0,2.437e+11,5.5,Crystal 18
13990.9090909091,8760.0,2.47303443794672,1.09868e+16,-1045110000000000.0,1.645e+11,5.5,Crystal 18
14890.9090909091,8760.0,2.31013431013431,1.09868e+16,-1045110000000000.0,1.053e+11,5.5,Crystal 18
15627.2727272727,8760.0,1.63816172193136,1.09868e+16,-1045110000000000.0,-2.491e+11,5.5,Crystal 18
16363.6363636364,8760.0,1.47277777777778,1.09868e+16,-1045110000000000.0,-3.894e+11,5.5,Crystal 18
17181.8181818182,8760.0,1.40846560846561,1.09868e+16,-1045110000000000.0,-4.309e+11,5.5,Crystal 18
18000.0,8760.0,1.23333333333333,1.09868e+16,-1045110000000000.0,-5.080e+11,5.5,Crystal 18
18556.3636363636,8760.0,0.802959043699784,1.09868e+16,-1045110000000000.0,-5.764e+11,5.5,Crystal 18
19636.3636363636,9060.0,1.35462962962963,1.09868e+16,-1045110000000000.0,-7.556e+11,5.5,Crystal 18
20454.5454545455,9287.27272727273,1.04133333333333,1.09868e+16,-1045110000000000.0,-9.993e+11,5.5,Crystal 18
21354.5454545455,9537.27272727273,1.02554278416347,1.09868e+16,-1045110000000000.0,-1.477e+12,5.5,Crystal 18
21763.6363636364,9650.90909090909,0.454887218045113,1.09868e+16,-1045110000000000.0,-1.873e+12,5.5,Crystal 18
22090.9090909091,9650.0,0.353086419753086,1.09868e+16,-1045110000000000.0,-2.363e+12,5.5,Crystal 18
22745.4545454545,9650.0,0.971622701838529,1.09868e+16,-1045110000000000.0,-8.089e+12,5.5,Crystal 18
22909.0909090909,9650.0,0.161507936507937,1.09868e+16,-1045110000000000.0,-1.300e+13,5.5,Crystal 18
23072.7272727273,9650.0,0.125689519306541,1.09868e+16,-1045110000000000.0,-2.399e+13,5.5,Crystal 18
23236.3636363636,9650.0,0.0774647887323944,1.09868e+16,-1045110000000000.0,-4.799e+13,5.5,Crystal 18
23645.4545454545,9650.0,0.0845828527489427,1.09868e+16,-1045110000000000.0,-1.015e+14,5.5,Crystal 18
0.0,8700.0,0.0,164511278195489.0,-2798870000000000.0,4.291e+11,32.8,Crystal 19
513.0,8700.0,0.171539961,164511278195489.0,-2798870000000000.0,4.285e+11,32.8,Crystal 19
900.0,8680.0,0.138888889,164511278195489.0,-2798870000000000.0,4.277e+11,32.8,Crystal 19
2454.54545454545,8660.0,0.068444444,164511278195489.0,-2798870000000000.0,4.266e+11,32.8,Crystal 19
3272.72727272727,8640.0,0.070888889,164511278195489.0,-2798870000000000.0,4.251e+11,32.8,Crystal 19
4090.9090909090896,8620.0,0.082622222,164511278195489.0,-2798870000000000.0,4.228e+11,32.8,Crystal 19
4909.09090909091,8600.0,0.099203704,164511278195489.0,-2798870000000000.0,4.197e+11,32.8,Crystal 19
5727.27272727273,8600.0,0.119253968,164511278195489.0,-2798870000000000.0,4.152e+11,32.8,Crystal 19
6545.45454545455,8600.0,0.171569444,164511278195489.0,-2798870000000000.0,4.080e+11,32.8,Crystal 19
7363.63636363636,8600.0,0.225160494,164511278195489.0,-2798870000000000.0,3.976e+11,32.8,Crystal 19
8263.63636363636,8600.0,0.411562156,164511278195489.0,-2798870000000000.0,3.769e+11,32.8,Crystal 19
9081.81818181818,8600.0,0.53953954,164511278195489.0,-2798870000000000.0,3.486e+11,32.8,Crystal 19
9818.18181818182,8600.0,0.641666667,164511278195489.0,-2798870000000000.0,3.150e+11,32.8,Crystal 19
10636.3636363636,8600.0,0.893162393,164511278195489.0,-2798870000000000.0,2.694e+11,32.8,Crystal 19
11569.0909090909,8720.0,1.322489392,164511278195489.0,-2798870000000000.0,2.076e+11,32.8,Crystal 19
12272.7272727273,8720.0,1.157037037,164511278195489.0,-2798870000000000.0,1.847e+11,32.8,Crystal 19
13418.1818181818,8720.0,1.930216802,164511278195489.0,-2798870000000000.0,1.327e+11,32.8,Crystal 19
14727.2727272727,8720.0,2.098148148,164511278195489.0,-2798870000000000.0,8.630e+10,32.8,Crystal 19
15709.0909090909,8720.0,1.419560185,164511278195489.0,-2798870000000000.0,6.141e+10,32.8,Crystal 19
16527.2727272727,8720.0,1.107260726,164511278195489.0,-2798870000000000.0,4.544e+10,32.8,Crystal 19
17345.4545454545,8720.0,0.968553459,164511278195489.0,-2798870000000000.0,4.257e+10,32.8,Crystal 19
18163.6363636364,8720.0,0.886386386,164511278195489.0,-2798870000000000.0,3.810e+10,32.8,Crystal 19
18981.8181818182,8720.0,0.763888889,164511278195489.0,-2798870000000000.0,-6.685e+10,32.8,Crystal 19
19881.8181818182,8720.0,0.729309556,164511278195489.0,-2798870000000000.0,-9.853e+10,32.8,Crystal 19
20618.1818181818,8720.0,0.5335097,164511278195489.0,-2798870000000000.0,-3.031e+11,32.8,Crystal 19
21272.7272727273,8720.0,0.427777778,164511278195489.0,-2798870000000000.0,-7.052e+11,32.8,Crystal 19
22254.5454545455,8720.0,0.579656863,164511278195489.0,-2798870000000000.0,-9.023e+11,32.8,Crystal 19
22909.0909090909,8720.0,0.375396825,164511278195489.0,-2798870000000000.0,-1.270e+12,32.8,Crystal 19
23727.2727272727,8720.0,0.48045977,164511278195489.0,-2798870000000000.0,-1.329e+12,32.8,Crystal 19
25036.3636363636,8720.0,0.778867102,164511278195489.0,-2798870000000000.0,-1.451e+12,32.8,Crystal 19
25363.6363636364,8720.0,0.212903226,164511278195489.0,-2798870000000000.0,-1.490e+12,32.8,Crystal 19
26345.4545454545,8992.72727272727,0.709799862,164511278195489.0,-2798870000000000.0,-1.654e+12,32.8,Crystal 19
27720.0,9374.54545454546,2.424242424,164511278195489.0,-2798870000000000.0,-3.481e+12,32.8,Crystal 19
27981.8181818182,9447.27272727273,0.732618583,164511278195489.0,-2798870000000000.0,-9.963e+12,32.8,Crystal 19
28309.0909090909,9538.18181818182,0.134020552,164511278195489.0,-2798870000000000.0,-1.790e+13,32.8,Crystal 19
